DocumentID	DocumentTitleEn	DocumentTitleAr
D0	African immigration to the United States	none
D1	Glacier cave	none
D2	Circular motion	حركة دائرية
D3	Prison	سجن
D4	Pump	مضخة
D5	Apollo Creed	none
D6	United States federal judge	none
D7	Beretta 21A Bobcat	none
D8	Tissue (biology)	نسيج حيوي
D9	Variable universal life insurance	none
D10	Outdoor wood-fired boiler	none
D11	BMC Software	none
D12	Girl Scout Cookies	none
D13	Purdue University	جامعة بيردو
D14	Sebaceous cyst	كيس دهني
D15	Pointe shoe	none
D16	Tablespoon	none
D17	Harry Potter	هاري بوتر
D18	Rocket engine	محرك صاروخي
D19	...Baby One More Time	none
D20	Lolita (1962 film)	لوليتا (فيلم)
D21	Cholera	كوليرا
D22	The Picture of Dorian Gray	صورة دوريان غراي
D23	Zsa Zsa Gabor	زازا غابور
D24	Bruce Lee	بروس لي
D25	Chronic obstructive pulmonary disease	داء الانسداد الرئوي المزمن
D26	Anne Frank	آن فرانك
D27	Kurt Cobain	كيرت كوبين
D28	Radial engine	محرك شعاعي
D29	The Golden Girls	ذا غولدن غيرلز
D30	Deepwater drilling	none
D31	Monica Lewinsky	مونيكا لوينسكي
D32	Frank Sinatra	فرانك سيناترا
D33	antibody	none
D34	Cornhole	none
D35	American Gold Eagle	none
D36	Bikram Yoga	none
D37	Christopher Massey	none
D38	Teaspoon	ملعقة شاي
D39	Fern	سراخس
D40	Flat roof	none
D41	CD-ROM	none
D42	J. K. Rowling	ج. ك. رولينج
D43	Auburndale, Florida	أوبورندال
D44	Tropical cyclone	إعصار استوائي
D45	Kirk Douglas	كيرك دوغلاس
D46	Bob Seger	none
D47	Alicia Keys	أليشيا كيز
D48	I Love Lucy	أنا أحب لوسي
D49	Section (United States land surveying)	none
D50	Richard Nixon	ريتشارد نيكسون
D51	Charles Sumner	none
D52	Business ethics	أخلاقيات الأعمال
D53	Burn	حرق (إصابة)
D54	Juliet	جولييت
D55	Atlantic Ocean	المحيط الأطلسي
D56	Lists of tropical cyclone names	none
D57	Fire brick	none
D58	Visible spectrum	طيف مرئي
D59	Mexican peso	بيزو مكسيكي
D60	Zebra	حمار الزرد
D61	Barry White	باري وايت
D62	Angelina Jolie	أنجلينا جولي
D63	erosion	none
D64	Mickie James	ميكي جيمس
D65	Jersey Shore (TV series)	none
D66	Pitbull (entertainer)	none
D67	United States territory	none
D68	Taste	تذوق
D69	Bob marley	none
D70	Terminator 3: Rise of the Machines	المبيد 3 (فيلم)
D71	List of youngest birth mothers	none
D72	Willy Wonka & the Chocolate Factory	ويلي ونكا ومصنع الشيكولاتة (فيلم)
D73	Cord (unit)	none
D74	Game Boy	غيم بوي
D75	World Trade Center	none
D76	Transverse Ranges	none
D77	Electron shell	غلاف تكافؤ
D78	Anna Nicole Smith	آنا نيكول سميث
D79	Units of paper quantity	وحدات كمية الورق
D80	5 yen coin	none
D81	Slaughterhouse	مسلخ
D82	TLC (group)	none
D83	Tarzan (1999 film)	طرزان (فيلم 1999)
D84	Oil platform	منصة نفط
D85	Pornographic film actor	ممثل إباحي
D86	Standard deviation	انحراف معياري
D87	Animal slaughter	ذبح
D88	Brain tumor	ورم الدماغ
D89	List of Presidents of the United States	قائمة رؤساء الولايات المتحدة
D90	Suppressor	كاتم صوت (سلاح)
D91	Volleyball	كرة طائرة
D92	National debt of the United States	الدين العام الأمريكي
D93	Athenian democracy	none
D94	Bea Arthur	none
D95	Tekken: Blood Vengeance	تيكن: ثأر الدم
D96	Homeowner association	none
D97	List of guinea pig breeds	none
D98	state school	none
D99	Ribosome	ريبوسوم
D100	Light-independent reactions	تفاعل غير معتمد على الضوء
D101	Square number	مربع كامل
D102	Interlibrary loan	none
D103	Era of Good Feelings	none
D104	Mia Hamm	ميا هام
D105	MacConkey agar	آغار ماكونكي
D106	New York Red Bulls	نيويورك ريد بولز
D107	Buddhism by country	البوذية حسب البلد
D108	Wild Bill Hickok	none
D109	Mars rover	مارس روفر
D110	Financial audit	تدقيق مالي
D111	Dollar coin (United States)	none
D112	Owl	بوميات
D113	Harmon Killebrew	none
D114	G-force	قوة جي
D115	Sean Parker	none
D116	Augur	none
D117	The Waterboy	none
D118	Farmington Hills, Michigan	فارمنغتون هيلز
D119	What Do You Want From Me	none
D120	Seal (emblem)	ختم
D121	Groundhog Day	يوم غراوندهوغ
D122	Climate of the Tampa Bay area	none
D123	Rockstar (drink)	none
D124	Electromagnetic spectrum	طيف كهرومغناطيسي
D125	Franklin D. Roosevelt	فرانكلين روزفلت
D126	Olympic Games	الألعاب الأولمبية
D127	Joint committee	none
D128	Prostitution in the United States	none
D129	Flag of the United States	علم الولايات المتحدة
D130	States and territories of India	none
D131	Pipe (fluid conveyance)	أنبوب
D132	Pertussis	سعال ديكي
D133	List of United States congressional districts	none
D134	Mariah Carey	ماريا كاري
D135	Cloud	سحاب
D136	Galveston County, Texas	مقاطعة غالفيستون (تكساس)
D137	List of cities in the Bahamas	قائمة مدن البهاما
D138	Pancreatic cancer	سرطان البنكرياس
D139	Big Ten Conference	none
D140	Single malt Scotch	none
D141	Sound mass	none
D142	Biblical judges	none
D143	Student	طالب
D144	Spades	none
D145	Australia (continent)	أستراليا (قارة)
D146	Cardiovascular disease	مرض قلبي وعائي
D147	History of immigration to the United States	none
D148	Environmental issues in New York City	none
D149	Central Intelligence Agency	وكالة المخابرات المركزية
D150	Atlanta	أتلانتا (جورجيا)
D151	McCarthyism	مكارثية
D152	Smoot	none
D153	Galahad	none
D154	Napoleon (Animal Farm)	none
D155	Neptune	نبتون
D156	Dodge Coronet	none
D157	League (unit)	none
D158	ARM9	none
D159	Commonwealth	كومنولث (مصطلح)
D160	September 11 attacks	أحداث 11 سبتمبر 2001
D161	Crater Lake National Park	none
D162	Syd Barrett	سيد باريت
D163	Supreme Court of the United States	المحكمة العليا للولايات المتحدة
D164	Conroe, Texas	كونروي
D165	Microsoft SQL Server	ميكروسوفت إس كيو إل سيرفر
D166	Book of Mormon	كتاب مورمون
D167	Oklahoma City bombing	تفجير مدينة أوكلاهوما
D168	Enlisted rank	none
D169	What a Wonderful World	none
D170	Sound film	سينما ناطقة
D171	African people	none
D172	ARIA Music Awards	none
D173	For-profit education	none
D174	Twenty-second Amendment to the United States Constitution	none
D175	List of Bobobo-bo Bo-bobo episodes	none
D176	Central Park	سنترال بارك
D177	TracFone Wireless	none
D178	Dredging	تكريك
D179	Volcano	بركان
D180	Benedict arnold	none
D181	Curt Schilling	none
D182	Don't be evil	لا تكن شريرا
D183	Star Wars	حرب النجوم
D184	Plateletpheresis	فصادة الصفيحات
D185	Port (computer networking)	منفذ (شبكات حاسوبية)
D186	Deer	أيل
D187	Precalculus	none
D188	Area code 479	none
D189	Arraignment	none
D190	Geoffrey Chaucer	جيفري تشوسر
D191	Battery (electricity)	بطارية
D192	Chicago Blizzard of 1979	none
D193	12-hour clock	الوقت بصيغة ال12 ساعة
D194	LTE (telecommunication)	تطور طويل الأمد (شبكات إتصالات)
D195	Comparison of the health care systems in Canada and the United States	none
D196	Run-flat tire	none
D197	List of Xbox 360 games	none
D198	Cooperstown, New York	كوبرستاون (نيويورك)
D199	Tarantula	رتيلاء
D200	Ton	none
D201	Stanley Cup	none
D202	Bass fishing	none
D203	Pineapple	أناناس
D204	Integer (computer science)	none
D205	American Dream	الحلم الأمريكي
D206	Hydroelectricity	طاقة كهرمائية
D207	History of wine	none
D208	List of districts of West Bengal	none
D209	Caribbean	الكاريبي
D210	List of cities and towns in New Hampshire	none
D211	Slavery in Africa	تجارة العبيد الأفارقة
D212	Brett Favre	none
D213	Northern California	شمال كاليفورنيا
D214	Salesforce.com	none
D215	Seahorse	فرس البحر
D216	President of the United States	رئيس الولايات المتحدة
D217	Earth	الأرض
D218	Magical tools in Wicca	none
D219	Cellular respiration	تنفس خلوي
D220	Fire extinguisher	مطفأة حريق
D221	Righteousness	none
D222	Dmitry Medvedev	دميتري ميدفيديف
D223	Native Americans in the United States	الأمريكيون الأصليون فى الولايات المتحدة
D224	Chronic kidney disease	مرض الكلى المزمن
D225	Central america	none
D226	Scrubs (TV series)	سكرابز (مسلسل)
D227	Steam engine	محرك بخاري
D228	Move Bitch	none
D229	Multiple sclerosis	تصلب متعدد
D230	Elizabeth II	إليزابيث الثانية
D231	Christianity in Australia	المسيحية في أستراليا
D232	Materials International Space Station Experiment	none
D233	Yale university	none
D234	Artemisia tridentata	none
D235	Yahoo! Mail	بريد ياهو!
D236	Crater lake	بحيرة بركانية
D237	Tacoma, Washington	تاكوما (واشنطن)
D238	Chula Vista, California	تشولا فيستا
D239	Metes and bounds	none
D240	Isaac Newton	إسحاق نيوتن
D241	Newton's law of universal gravitation	قانون الجذب العام لنيوتن
D242	Dim sum	ديم سم
D243	Eye color	none
D244	Casualties of the Iraq War	none
D245	Highwayman	none
D246	Magic Johnson	ماجيك جونسون
D247	Cell (biology)	خلية
D248	Texas Southern University	جامعة جنوب تكساس
D249	Grecian Formula	none
D250	Headlamp	none
D251	Women's rights	حقوق المرأة
D252	Whoopi Goldberg	ووبي غولدبرغ
D253	Jupiter	المشتري
D254	1976 Republican National Convention	none
D255	National Hockey League	دوري الهوكي الوطني
D256	Little League Baseball	none
D257	Maggot	نغفة
D258	Herod the Great	هيرودس الأول
D259	ABO blood group system	none
D260	1907	1907
D261	Northville, Michigan	نورثفيل
D262	Dottie West	none
D263	Clarence Clemons	كلارنس كليمونز
D264	Elaine Stritch	إلين ستريتش
D265	Baby Ruth	none
D266	Misfits (TV series)	none
D267	List of aircraft hijackings	none
D268	Pride and prejudice	none
D269	World Wide Web	شبكة عنكبوتية عالمية
D270	Bank card number	none
D271	Wayne Morse	none
D272	Table (parliamentary procedure)	none
D273	Toy Story 3	حكاية لعبة 3
D274	John Starks (basketball)	جون ستاركس (كرة سلة)
D275	Secure Digital	سكيور ديجيتال
D276	Hugh Grant	هيو غرانت
D277	Han Dynasty	none
D278	Cheque	صك
D279	Tourette syndrome	متلازمة توريت
D280	Sunbeam (car company)	none
D281	Fox News Channel	none
D282	Mandibular first molar	none
D283	Teleconverter	none
D284	Serena Williams	سيرينا ويليامز
D285	Florida Legislature	none
D286	Daniel 2	none
D287	Comcast	none
D288	Porcupine	نيص
D289	Elijah McCoy	none
D290	Hydrogen vehicle	سيارة هيدروجينية
D291	American wire gauge	معيار السلك الأمريكي
D292	Sacramento, California	ساكرامنتو (كاليفورنيا)
D293	Cell Membrane	none
D294	Apple Store	أبل ستور
D295	Steve jobs	none
D296	Giant's Causeway	ممر العمالقة وساحله
D297	Roman numerals	أرقام رومانية
D298	Effective nuclear charge	شحنة نووية فعالة
D299	Jerky	لحم مقدد
D300	List of Storm Chasers episodes	none
D301	Interstate Highway System	none
D302	.eu	.eu
D303	Meister	none
D304	Late Heavy Bombardment	قصف شديد متأخر
D305	Mighty Morphin Power Rangers	none
D306	Edgar allan poe	none
D307	Carnivore	آكلات اللحوم
D308	Tycho Brahe	تيخو براهي
D309	FIFA World Cup	كأس العالم لكرة القدم
D310	Heroes (TV series)	هيروز
D311	Marquis Who's Who	ماركيز هوز هو
D312	J. P. Morgan	جون بيربونت مورجان
D313	List of Mnemosyne episodes	none
D314	Digital forensics	العلوم الجنائية الرقمية
D315	Color space	فضاء لوني
D316	Labor day	none
D317	Dylan and Cole Sprouse	ديلان وكول سبراوس
D318	Rainbow	قوس قزح
D319	Life insurance	تأمين على الحياة
D320	Chinese New Year	رأس السنة الصينية
D321	The Blair Witch Project	مشروع الساحرة بلير (فيلم)
D322	Romeo and juliet	none
D323	S.H.I.E.L.D.	شيلد (منظمة)
D324	Mitzi Kapture	none
D325	Xbox 360	إكس بوكس 360
D326	Backpack	حقيبة ظهر
D327	Mexico	المكسيك
D328	Heron	بلشونيات
D329	Slugging percentage	none
D330	Saint Patrick's Day	يوم القديس باتريك
D331	Chrono Trigger	كرونو تريغر
D332	United States House of Representatives	مجلس النواب الأمريكي
D333	Goat cheese	جبن الماعز
D334	Federal Reserve System	نظام الاحتياطي الفدرالي
D335	Hyperthermia	فرط الحرارة
D336	Battle of the Sexes (tennis)	none
D337	Belize	بليز
D338	Foundation (cosmetics)	كريم أساس
D339	Books of the Bible	أسفار الكتاب المقدس
D340	Betsy Ross flag	none
D341	Purr	خرخرة
D342	Platypus	خلد الماء
D343	Neutrophilia	كثرة العدلات
D344	Rich Fields	none
D345	St. Elizabeth, Missouri	سانت إليزابث (ميزوري)
D346	Abraham Lincoln	أبراهام لينكون
D347	Wilton, California	none
D348	Cut, copy, and paste	none
D349	Economic order quantity	حجم الطلبية الاقتصادي
D350	Mark Cuban	مارك كوبان
D351	Stevie Ray Vaughan	ستيفي راي فوغن
D352	Coca-Cola	كوكا كولا
D353	Barry Larkin	none
D354	Heat pump	مضخة حرارية
D355	Lockheed Martin F-22 Raptor	لوكهيد مارتن إف-22 رابتور
D356	Brasília	none
D357	Causes of World War I	أسباب الحرب العالمية الأولى
D358	National flag	علم وطني
D359	American Civil War	الحرب الأهلية الأمريكية
D360	Women's roles in the World Wars	none
D361	The Wire	none
D362	Norrie disease	مرض نوري
D363	Contract	عقد (قانون)
D364	ASP.NET	إيه إس بي دوت نت
D365	Lysergic acid diethylamide	ثنائي إيثيل أميد حمض الليسرجيك
D366	List of political parties in the United States	none
D367	United States Navy SEALs	نافي سيلز
D368	World population	تعداد السكان في العالم
D369	Memphis, Tennessee	ممفيس (تينيسي)
D370	Nuclear power by country	none
D371	List of muscles of the human body	none
D372	Seminole Wars	حروب السيمينول
D373	Orono, Maine	أورونو (مين)
D374	Luxor Las Vegas	الأقصر لاس فيجاس
D375	Pilot experiment	none
D376	Los Angeles City Fire Department	none
D377	Acre	أكر
D378	Pawnee	باوني (توضيح)
D379	Language processing	none
D380	Bugatti Veyron	بوجاتي فايرون
D381	Camel	جمل
D382	Wind power	طاقة رياح
D383	Ocean	محيط (جغرافيا)
D384	Donald trump	none
D385	DVD	دي في دي
D386	Jacksonville, Florida	جاكسونفيل (فلوريدا)
D387	What Chilli Wants	none
D388	Bruno Mars	برونو مارس
D389	Liquid oxygen	أكسجين سائل
D390	Sex reassignment surgery	none
D391	Toledo Zoo	none
D392	Mount everest	none
D393	Greek Mythology	none
D394	Mouth & MacNeal	none
D395	Handley, West Virginia	هاندلي (فيرجينيا الغربية)
D396	Boise State Broncos football	none
D397	Swiss Franc	none
D398	Charlie Chaplin	تشارلي تشابلن
D399	Planned parenthood	none
D400	Mens rea	العقل المذنب
D401	Ulysses S. Grant	يوليسيس جرانت
D402	Jukebox	none
D403	Drug test	none
D404	Space exploration	سبر الفضاء
D405	Calvin Coolidge	كالفين كوليدج
D406	Espresso	قهوة إسبريسو
D407	Gallipoli Campaign	حملة جاليبولي
D408	Vietnam	فيتنام
D409	Brian Kelly (American football coach)	none
D410	Semen	مني
D411	List of political parties in India	الأحزاب السياسية في الهند
D412	Sidney Crosby	سيدني كروسبي
D413	My two cents	none
D414	Chinese Civil War	الحرب الأهلية الصينية
D415	112th United States Congress	none
D416	Wealth in the United States	none
D417	Film budgeting	none
D418	Diagnosis-related group	none
D419	Rhizotomy	none
D420	Migrant worker	none
D421	Teardrop tattoo	none
D422	Pacific Ocean	المحيط الهادئ
D423	U.S. Route 75	none
D424	Plus-minus sign	none
D425	Canine reproduction	none
D426	Lower Ninth Ward	none
D427	Incarceration in the United States	none
D428	Moon	القمر
D429	The Vampire Diaries	يوميات مصاص دماء
D430	Ronald Reagan	رونالد ريغان
D431	Immigration	هجرة (فعل)
D432	Tanakh	تناخ
D433	Kawasaki Ninja ZX-6R	none
D434	Judgment as a matter of law	none
D435	Christianity	مسيحية
D436	List of United States presidential assassination attempts and plots	none
D437	Where the Red Fern Grows	none
D438	Oklahoma	أوكلاهوما
D439	Redwall	none
D440	Therm	none
D441	Bruce Jenner	none
D442	Alkali	قلوي
D443	Escherichia coli	إشريكية قولونية
D444	Area code 217	none
D445	Jameson Irish Whiskey	none
D446	California locations by per capita income	none
D447	Ozone depletion	نضوب الأوزون
D448	Michelin Guide	دليل ميشلان
D449	Preamble to the United States Constitution	none
D450	Formula One car	none
D451	Shot put	دفع الثقل
D452	Member states of the United Nations	قائمة الدول الأعضاء في الأمم المتحدة
D453	Eiffel Tower	برج إيفل
D454	Sperm donation	none
D455	Gloria in Excelsis Deo	none
D456	Troy weight	none
D457	Ken Jennings	none
D458	Canadian Football League	none
D459	Antibody	جسم مضاد
D460	Zodiac killer	none
D461	Jennings, Louisiana	جينينغز (لويزيانا)
D462	Nanotechnology	تقنية النانو
D463	Eastern Bloc	الكتلة الشرقية
D464	Dry drowning	none
D465	New Jersey gubernatorial election, 2009	none
D466	Health care in the United States	none
D467	Body water	مياه الجسم
D468	Self-esteem	تقدير الذات
D469	Masonic Lodge	none
D470	Pilkington	none
D471	Quotation	اقتباس
D472	1877	1877
D473	Black pepper	فلفل أسود
D474	Fire hydrant	صنبور مياه حريق
D475	President of South Africa	رئيس جنوب أفريقيا
D476	Special education	تربية خاصة
D477	George Soros	جورج سوروس
D478	Invention of the telephone	none
D479	Descriptive psychology	علم النفس الوصفي
D480	Master of Fine Arts	none
D481	Atomic bombings of Hiroshima and Nagasaki	الهجوم النووي على هيروشيما وناجازاكي
D482	Aurora, Colorado	أورورا (كولورادو)
D483	Holly Ridge, North Carolina	هولي ريدج (كارولاينا الشمالية)
D484	Season	فصول السنة
D485	Mahatma Gandhi	مهاتما غاندي
D486	Joan Crawford	جوان كراوفورد
D487	Tonneau	none
D488	Twitter	تويتر
D489	The Hangover	صداع الكحول (فيلم)
D490	Meiosis	انقسام منصف
D491	Electricity	كهرباء
D492	Boxing	ملاكمة
D493	Color blindness	عمى الألوان
D494	Agreement (linguistics)	none
D495	List of places on land with elevations below sea level	قائمة أماكن حسب انخفاضها تحت مستوى البحر
D496	Debbie Macomber	none
D497	Catonsville, Maryland	none
D498	Lawyer	محامي
D499	National Wax Museum (Ireland)	none
D500	Vector Marketing	none
D501	St. Clair's Defeat	none
D502	John Steinbeck	جون ستاينبيك
D503	Clint Walker	none
D504	History of slavery	تاريخ العبودية
D505	Family and Medical Leave Act of 1993	none
D506	Vietnam War	حرب فيتنام
D507	Pothole	حفرة (طرق)
D508	Renal cell carcinoma	سرطانة الخلية الكلوية
D509	Estée Lauder Companies	none
D510	Peritoneum	غشاء مصلي بطني
D511	George Selden (author)	none
D512	Tiger Woods	تايغر وودز
D513	Solid-state drive	وسيط تخزين ذو حالة ثابتة
D514	Caviar	كافيار
D515	Alfalfa	برسيم حجازي
D516	SEC Network	none
D517	Boardwalk Empire (episode)	none
D518	Indians in Fiji	none
D519	1990s	عقد 1990
D520	Gray Wolf	none
D521	Roman Empire	الإمبراطورية الرومانية
D522	Shell Oil Company	شركة شل للنفط
D523	Education in the United States	التعليم في الولايات المتحدة
D524	Paul Bragg	none
D525	Sonic boom	دوي اختراق حاجز الصوت
D526	Stormwater	تصريف مياه الأمطار
D527	The Tonight Show with Jay Leno	none
D528	Radio-frequency identification	تحديد الهوية بموجات الراديو
D529	Id, ego and super-ego	الهو والأنا والأنا العليا
D530	Air Force Reserve Officer Training Corps	none
D531	The Book of Eli	كتاب إيلاي
D532	Paper density	none
D533	Test Drive Unlimited	تيست درايف آنليميتد
D534	Kristen Stewart	كريستين ستيوارت
D535	Candace Parker	كانداس باركر
D536	Food guide pyramid	none
D537	Hans Christian Andersen	هانس كريستيان أندرسن
D538	Adam Walsh Child Protection and Safety Act	none
D539	Eye contact	التقاء العيون
D540	Bed bug	بق الفراش
D541	Book of Isaiah	سفر إشعيا
D542	Oregon State University	جامعة ولاية أوريغون
D543	Female ejaculation	قذف الإناث
D544	Sixth Army	none
D545	Pinna (anatomy)	none
D546	Temperature measurement	none
D547	Kanab ambersnail	كاناب أمبرسنيل
D548	Spanish language in the United States	none
D549	Sic	تكذية (كتب)
D550	List of Tokyo Mew Mew characters	none
D551	Sedimentary rock	صخر رسوبي
D552	Human skeleton	هيكل عظمي بشري
D553	Saint Patrick	القديس باتريك
D554	Golden ratio	نسبة ذهبية
D555	North Myrtle Beach, South Carolina	نورث ميرتل بيتش
D556	Margot Frank	none
D557	World War I	الحرب العالمية الأولى
D558	Camden, New Jersey	كامدن (نيوجرسي)
D559	Plasma (physics)	بلازما (فيزياء)
D560	Amitriptyline	أميتربتيلين
D561	Computer	حاسوب
D562	Barefoot and pregnant	none
D563	Oakhurst, New Jersey	none
D564	University of Phoenix Stadium	ملعب جامعة فينيكس
D565	Joshua Chamberlain	none
D566	Maryland Circuit Courts	none
D567	Innings	none
D568	Adenosine deaminase deficiency	none
D569	Douglas MacArthur	دوغلاس ماكارثر
D570	Poverty	فقر
D571	Mushroom poisoning	تسمم المشروم
D572	Station identification	none
D573	Human height	طول البشر
D574	Leap year	سنة كبيسة
D575	Apollo 11	أبولو 11
D576	Genocides in history	الإبادة الجماعية في التاريخ
D577	Timing belt	none
D578	Culture of the United States	ثقافة الولايات المتحدة
D579	Samoan language	لغة ساموية
D580	Glucose tolerance test	اختبار تحمل الجلوكوز
D581	What About Me (song)	none
D582	Egg (food)	none
D583	Major League Soccer	الدوري الأمريكي لكرة القدم
D584	Henry Ford	هنري فورد
D585	Hajj	الحج في الإسلام
D586	Bethlehem, Pennsylvania	بيت لحم (بنسيلفانيا)
D587	Legality of cannabis	مشروعية الحشيش
D588	Urban area	منطقة حضرية
D589	Ejection fraction	الجزء المقذوف
D590	California State Route 14	none
D591	Blindness	none
D592	DMX (rapper)	none
D593	ShopNBC	none
D594	Professional certification	none
D595	Post and lintel	none
D596	Knossos	كنوسوس
D597	The Scarlet Letter	الحرف القرمزي
D598	Bugs Bunny	باغز باني
D599	Mucous membrane	غشاء مخاطي
D600	Cricket Wireless	none
D601	Master Sergeant	none
D602	Cake	كعك
D603	Tammy Faye Messner	none
D604	Cambria, Wisconsin	كامبريا (ويسكونسن)
D605	Public policy	سياسة عامة
D606	Digestion	هضم
D607	Henry VIII of England	هنري الثامن ملك إنجلترا
D608	Bongo drum	none
D609	Dred Scott v. Sandford	none
D610	Neighborhoods in Columbus, Ohio	none
D611	Biologist	أحيائي
D612	BASE jumping	none
D613	Judaism	يهودية
D614	British Shorthair	قط بريطاني قصير الشعر
D615	United States men's national basketball team	منتخب الولايات المتحدة لكرة السلة
D616	Super Bowl ring	none
D617	Stalagmite	صواعد الكهوف
D618	List of How I Met Your Mother episodes	none
D619	Gringo	غرينغو
D620	Great white shark	قرش أبيض كبير
D621	United States Marshals Service	none
D622	Billy the Kid	الولد بيلي
D623	United States armed forces	none
D624	Freedom of speech	حرية التعبير
D625	List of The Big Bang Theory episodes	none
D626	Dwight D. Eisenhower	دوايت أيزنهاور
D627	Air force one	none
D628	Wedding anniversary	none
D629	Thyroid hormone	none
D630	Automatic Document Feeder	none
D631	Fair Park	none
D632	San Jose, California	سان خوسيه (كاليفورنيا)
D633	History of Europe	تاريخ أوروبا
D634	Category:Extinct dog breeds	none
D635	Wii Speak	none
D636	Smart key	none
D637	Univision	يونيفزيون
D638	Formation and evolution of the Solar System	تشكل وتطور المجموعة الشمسية
D639	The Trial	المحاكمة (رواية)
D640	Lisa Loeb	none
D641	Connecticut Huskies	none
D642	Coat of arms of New Jersey	none
D643	We Can Work It Out	none
D644	Pedophilia	غلمانية
D645	Julio César Chávez	none
D646	The Holocaust	الهولوكوست
D647	4-H	none
D648	List of dukes in the peerages of Britain and Ireland	none
D649	Flag of Chile	علم تشيلي
D650	Generation Y	none
D651	Great Fire of Rome	حريق روما الكبير
D652	Virginia	فرجينيا
D653	Windows Movie Maker	ويندوز موفي ميكر
D654	Ku Klux Klan	كو كلوكس كلان
D655	Joe Bonamassa	none
D656	Brenda's Got a Baby	none
D657	Pokémon	none
D658	Dada	دادا
D659	Trophic level	none
D660	John F. Kennedy	جون كينيدي
D661	Silk	حرير
D662	Late Show with David Letterman	العرض المتأخر مع ديفيد ليترمان
D663	Wicca	ويكا
D664	The Real Housewives of Orange County	none
D665	Uncle Sam	العم سام
D666	Karma in Buddhism	none
D667	Cyberstalking	none
D668	Syringe	محقنة
D669	Business letter	خطاب الأعمال
D670	Tilapia	بلطي (سمك)
D671	Maximum life span	الحد الأقصى للمدى العمري
D672	Turner & Hooch	none
D673	List of Israeli airports	none
D674	Adolf Hitler	أدولف هتلر
D675	David Carradine	ديفيد كارادين
D676	Domain name	نطاق (إنترنت)
D677	Nitrate	نترات
D678	Agriculture in the United States	none
D679	Mpemba effect	ظاهرة مابيمبا
D680	Siamese (cat)	none
D681	Bowel obstruction	none
D682	QFC	none
D683	Money supply	معروض نقدي
D684	Imax	none
D685	Today's Special	none
D686	Constitutionalism	none
D687	Ice-cream headache	none
D688	Squirrel	سنجابيات
D689	Auld Lang Syne	نشيد الوداع
D690	Leeroy Jenkins	none
D691	BART Police shooting of Oscar Grant	none
D692	Keith Richards	كيث ريتشاردز
D693	Speaker of the United States House of Representatives	none
D694	Harlem Renaissance	نهضة هارلم
D695	History of Africa	تاريخ أفريقيا
D696	Gulf War	حرب الخليج الثانية
D697	Hitting for the cycle	none
D698	Windows Task Manager	none
D699	The Troop	none
D700	Economy of the Democratic Republic of the Congo	اقتصاد جمهورية الكونغو الديمقراطية
D701	Afterimage	none
D702	List of Lost episodes	قائمة حلقات الضياع
D703	Flat feet	قدم مسطحة
D704	Diplexer	none
D705	What Happens in Vegas	ما يحدث في فيغاس
D706	Generation X	الجيل إكس
D707	Pressure ulcer	قرحة فراش
D708	Overboard (film)	none
D709	James Dean	جيمس دين
D710	Green Bay, Wisconsin	غرين باي
D711	Luteinizing hormone	هرمون منشط للجسم الأصفر
D712	Selena	سيلينا
D713	Stahlhelm	خوذة ستولهلم
D714	Glow-in-the-dark	none
D715	American frontier	الغرب الأمريكي القديم
D716	Airline hub	محور خطوط جوية
D717	Sparta	أسبرطة
D718	Fantasy football (American)	كرة القدم الخيالية
D719	ASUS Eee PC	none
D720	Gold bar	none
D721	Bolingbrook, Illinois	بوليغ بروك (إلينوي)
D722	Jet stream	تيار نفاث
D723	Archie Manning	none
D724	Advocacy	none
D725	Flag of Mexico	علم المكسيك
D726	Destination marketing organization	none
D727	Elk	الإلكة
D728	United States Constitution	دستور الولايات المتحدة
D729	George Washington University	جامعة جورج واشنطن
D730	Measuring instrument	جهاز قياس
D731	Multicam	none
D732	Lion	أسد
D733	Islam in the United Kingdom	الإسلام في المملكة المتحدة
D734	Interstate 75 in Florida	none
D735	American football	كرة القدم الأمريكية
D736	History of video game consoles (seventh generation)	none
D737	Sgt. Pepper's Lonely Hearts Club Band	none
D738	Temporal lobe	فص صدغي
D739	Human lung	none
D740	JPMorgan Chase	جي بي مورغان تشيس
D741	Battle of Iwo Jima	معركة ايو جيما
D742	Margarita	مارغريتا
D743	Burgundy (color)	كستنائي (لون)
D744	Missing in action	فقد في المعركة
D745	Center, Texas	سنتر (تكساس)
D746	Our Song	none
D747	Red-eye effect	تأثير العين الحمراء
D748	University of California, Santa Barbara	جامعة كاليفورنيا (سانتا باربرا)
D749	Saint Joseph's Day	none
D750	Bumblebee	نحل طنان
D751	Open carry in the United States	none
D752	French colonial empire	الإمبراطورية الفرنسية الاستعمارية
D753	Color motion picture film	none
D754	A Tale of Two Cities	قصة مدينتين
D755	Ashanti (entertainer)	none
D756	Data integrity	سلامة البيانات
D757	United States Army Air Forces	none
D758	Super Bowl XLV	none
D759	Freedom of Information Act (United States)	none
D760	European Union	الاتحاد الأوروبي
D761	Wales national rugby league team	none
D762	Cardiomyopathy	اعتلال عضلة القلب
D763	Fuck	فاك (كلمة)
D764	Passenger vehicles in the United States	none
D765	Medical laboratory	علم المختبرات السريرية
D766	List of poker hands	none
D767	Bruce Hornsby	none
D768	Agriculture in Cuba	none
D769	Mega Millions	none
D770	Death Note	مفكرة الموت
D771	Halloween	هالووين
D772	Taxicabs of New York City	none
D773	Xylem	نسيج وعائي خشبي
D774	Kobe Bryant	كوبي براينت
D775	Women's suffrage	تصويت النساء
D776	Hispanophone	none
D777	The Thirteenth Tale	none
D778	Jehovah's Witnesses	شهود يهوه
D779	Last Tango in Paris	لاست تانغو في باريس
D780	Windows XP	ويندوز إكس بي
D781	Por una Cabeza	none
D782	Baroreflex	none
D783	Spider (solitaire)	none
D784	1989 Loma Prieta earthquake	none
D785	Pawn (chess)	بيدق (شطرنج)
D786	Sexual orientation and military service	التوجه الجنسي والخدمة العسكرية
D787	Diaphragm pump	none
D788	Hydrogen production	إنتاج الهيدروجين
D789	Basis point	none
D790	British Royal Family	none
D791	Post-glacial rebound	ارتداد بعد جليدي
D792	Haiti	هايتي
D793	The Bloody Beetroots	none
D794	Debate	مناظرة
D795	Adam and Eve	none
D796	Pager	بيجر
D797	Reevesville, South Carolina	none
D798	Frida Kahlo	فريدا كاهلو
D799	Electric eel	أنقليس رعاد
D800	Oktoberfest	أوكتوبرفست
D801	Cheese	جبن
D802	List of regions in the human brain	none
D803	Legal citation signals	none
D804	Natchez, Mississippi	ناتشيز (مسيسيبي)
D805	Neil Armstrong	نيل آرمسترونغ
D806	Secretariat (horse)	none
D807	Madrid	مدريد
D808	Appian Way	طريق أبيا
D809	Rogue wave	none
D810	Line of succession to the British throne	none
D811	Montgomery Clift	مونتغومري كليفت
D812	Indian American	none
D813	WWE SmackDown	دبليو دبليو إي سماكداون
D814	War on Terror	الحرب على الإرهاب
D815	List of Young Justice episodes	none
D816	The Dukes of Hazzard	ذا دوكس اوف هازرد
D817	Causes of World War II	أسباب الحرب العالمية الثانية
D818	Harry S. Truman	هاري ترومان
D819	List of Greek mythological figures	قائمة آلهة الإغريق
D820	Mitsubishi Galant	ميتسوبيشي غالان
D821	Blood pressure	ضغط الدم
D822	Veto	حق النقض
D823	Illegal immigration to the United States	هجرة غير شرعية إلى الولايات المتحدة
D824	George O'Malley	none
D825	Sulfur dioxide	ثنائي أكسيد الكبريت
D826	Myasthenia Gravis	none
D827	Liquid-crystal display	شاشة العرض البلوري السائل
D828	The Borgata	none
D829	Stock transfer agent	none
D830	Vitamin	فيتامين
D831	Guinea pig	خنزير غينيا
D832	Love Canal	none
D833	Islam by country	الإسلام حسب البلد
D834	Rhode Island	رود آيلاند
D835	Dubai	دبي
D836	List of colleges and universities in Illinois	none
D837	Ancient egypt	none
D838	Tiger Woods PGA Tour 11	none
D839	Elvis Presley	إلفيس بريسلي
D840	Root beer	روت بير
D841	Ireland	جزيرة أيرلندا
D842	Fluorescence	فلورية
D843	Yankee Stadium	none
D844	Amaretto	none
D845	Informal logic	none
D846	Great Depression in the United States	none
D847	Turkey	تركيا
D848	Augusta, Georgia	أوغستا (جورجيا)
D849	Molex connector	none
D850	The Glades (TV series)	none
D851	Energy drink	مشروب الطاقة
D852	Chicago Blackhawks	شيكاغو بلاكهوكس
D853	Ferris Bueller's Day Off	إجازة فيريس بيولر
D854	Lent	الصوم الكبير
D855	Chernobyl disaster	كارثة تشيرنوبيل
D856	Subject complement	none
D857	Grammy Award records	none
D858	Eminem	إمينيم
D859	Singles Awareness Day	none
D860	Conservation of mass	قانون حفظ الكتلة
D861	Pig	خنزير
D862	Floppy disk	قرص مرن
D863	Cutter (baseball)	none
D864	Temple Owls	none
D865	What It Takes (song)	none
D866	Odysseus	أوديسيوس
D867	Sam Ruben	none
D868	Erie, Colorado	إري (كولورادو)
D869	PlayStation 3	بلاي ستيشن 3
D870	Starving Time	none
D871	Salvador Dalí	none
D872	Humanities	إنسانيات
D873	White House Christmas tree	none
D874	Culture	ثقافة
D875	American Revolution	الثورة الأمريكية
D876	List of sovereign states and dependent territories in North America	none
D877	sense	none
D878	How the West Was Won (film)	كيف غلب الغرب (فيلم)
D879	Afghan cuisine	none
D880	Volcanic pipe	أنبوب بركاني
D881	Spider	عنكبوت
D882	Grey's Anatomy	غريز أناتومي
D883	Schizophrenia	فصام
D884	Paul Snider	none
D885	Epic of Gilgamesh	ملحمة جلجامش
D886	Old age	كبر السن
D887	Eukaryote	حقيقيات النوى
D888	Internet fraud	احتيال الإنترنت
D889	International Security Assistance Force	قوات المساعدة الدولية لإرساء الأمن في أفغانستان
D890	Cocaine	كوكايين
D891	Tri-tip	none
D892	Willmar, Minnesota	ويلمر (مينيسوتا)
D893	Bicycle frame	هيكل الدراجة الهوائية
D894	List of Weeds episodes	none
D895	Pharmaceutical industry	صناعة الدواء
D896	Mercury-in-glass thermometer	مقياس حرارة زئبقي
D897	Graduate school	none
D898	Thank Me Later	none
D899	Microsoft	مايكروسوفت
D900	Pendulum	رقاص
D901	Blood type	فئات الدم
D902	41-foot Utility Boat, Large	none
D903	List of Star Wars novels	none
D904	Erykah Badu	إيريكاه بادو
D905	First Battle of Bull Run	معركة بول رن الأولى
D906	Weather	طقس
D907	List of awards and nominations received by Katy Perry	none
D908	List of countries where English is an official language	none
D909	Southern Cone	مخروط جنوبي
D910	Meeting	اجتماع
D911	Official game	none
D912	Telephone number	none
D913	Collection agency	none
D914	Cannabis (drug)	مرجوانا
D915	Disturbing tha Peace	none
D916	List of Washington Redskins starting quarterbacks	none
D917	Delta Force	قوة دلتا
D918	Radioactive decay	اضمحلال نشاط إشعاعي
D919	Waxing	none
D920	Great Britain	بريطانيا العظمى
D921	Culture of ancient Rome	ثقافة روما القديمة
D922	Duffy Waldorf	none
D923	Glass production	none
D924	Seawater	ماء البحر
D925	Battle of Fort Sumter	معركة فورت سمتر
D926	3G	جيل ثالث (اتصالات لاسلكية)
D927	Mazel tov	مازل توف
D928	Hepatitis C	التهاب الكبد C
D929	Flexible spending account	none
D930	Tennessee	تينيسي
D931	Seville	إشبيلية
D932	Cock ring	حلقات الديك
D933	Major league baseball	none
D934	Coatesville, Indiana	كواتيسفيل (إنديانا)
D935	Delaware	ديلاوير
D936	Energy transformation	تحول الطاقة
D937	Connective tissue	نسيج ضام
D938	List of amendments to the United States Constitution	قائمة تعديلات دستور الولايات المتحدة
D939	Fidelity Investments	فيديليتي للاستثمارات
D940	Jun-06	6 يونيو
D941	Sociology	علم الاجتماع
D942	Thunder	رعد
D943	Palma, Majorca	ميورقة (مدينة)
D944	Lex Luthor	ليكس لوثر
D945	Martin Luther King, Jr. Day	none
D946	April	أبريل
D947	Camera phone	none
D948	Superman: Whatever Happened to the Man of Tomorrow?	none
D949	Joyce Meyer	جويس ماير
D950	Korean War	الحرب الكورية
D951	Area code 949	none
D952	Eucharist in the Catholic Church	none
D953	List of colleges and universities in Louisiana	none
D954	Short story	قصة قصيرة
D955	Continual improvement process	كايزن
D956	Walter O'Malley	none
D957	Frank Lloyd Wright	فرانك لويد رايت
D958	Area code 810	none
D959	Raccoon	راكون شائع
D960	Maritime flag	none
D961	2010 Haiti earthquake	زلزال هايتي 2010
D962	Mister Ed	none
D963	Rapture	none
D964	Kris Humphries	كريس همفريز
D965	Philistines	فلستيون
D966	Armed Services Vocational Aptitude Battery	none
D967	Balance sheet	ميزانية عمومية
D968	.17 HMR	none
D969	Schaumburg Flyers	none
D970	Rachel Weisz	ريتشل وايز
D971	Platte River	none
D972	Potato bread	خبز البطاطا
D973	Pacific Time Zone	زمن منطقة المحيط الهادئ
D974	8-track tape	none
D975	Ramesses II	رمسيس الثاني
D976	Point (mortgage)	none
D977	Texas Rangers (baseball)	تكساس رنجر
D978	Julius caesar	none
D979	Languages of Nigeria	none
D980	Daucus carota	جزر شائع
D981	311 (band)	none
D982	Nelly Furtado	نيللي فرتادو
D983	Creatures of the Night	none
D984	Cy Young	ساي يونغ
D985	Somatosensory system	جهاز حسي جسدي
D986	Magnolia	ماغنوليا
D987	White Christmas (song)	none
D988	Cross-country skiing	none
D989	Use tax	none
D990	Fiscal year	سنة مالية
D991	Pulmonary hypertension	فرط ضغط الدم الرئوي
D992	Sanuk	none
D993	Array programming	none
D994	Annuity (US financial products)	none
D995	Rose is a rose is a rose is a rose	none
D996	Notary public	none
D997	List of federal judges appointed by Barack Obama	none
D998	List of airports in Mexico	none
D999	Agency debt	none
D1000	Nuclear power	طاقة نووية
D1001	Cold War	الحرب الباردة
D1002	Pikes Peak State Park	none
D1003	Zac Brown Band	none
D1004	Talk radio	none
D1005	HIPPA	none
D1006	Jakarta	جاكرتا
D1007	Air conditioning	تكييف الهواء
D1008	Democratic Party (United States)	الحزب الديمقراطي (الولايات المتحدة)
D1009	6 Foot 7 Foot	none
D1010	DC Talk	none
D1011	Chapters and verses of the Bible	none
D1012	Index (publishing)	تكشيف
D1013	The NeverEnding Story (song)	none
D1014	Limestone	حجر جيري
D1015	Suspicious activity report	none
D1016	Facebook	فيس بوك
D1017	Sulfonamide (medicine)	سلفوناميد (صيدلة)
D1018	List of George Lopez characters	none
D1019	Domestic goose	إوز مستأنس
D1020	Risk of infection	none
D1021	30 Seconds to Mars	none
D1022	A Christmas Story	none
D1023	Joe's Crab Shack	none
D1024	New York Passenger Ship Terminal	none
D1025	List of NCIS characters	none
D1026	Christian right	يمين مسيحي
D1027	Leaving Las Vegas	مغادرة لاس فيغاس (فيلم)
D1028	Coordinate-measuring machine	none
D1029	Far east movement	none
D1030	LR44 battery	none
D1031	Hurricane Katrina	إعصار كاترينا
D1032	Stereotype	صورة نمطية
D1033	Assist (basketball)	none
D1034	Mill (currency)	none
D1035	Plate tectonics	الصفائح التكتونية
D1036	Greco-Persian Wars	الحروب الفارسية اليونانية
D1037	Hooverville	none
D1038	South America	أمريكا الجنوبية
D1039	Day care	none
D1040	Discovery of Neptune	اكتشاف نبتون
D1041	Matt Hasselbeck	none
D1042	What Separates Me from You	none
D1043	Information and communications technology	تكنولوجيا المعلومات والاتصالات
D1044	Plum pudding model	نموذج طومسون للذرة
D1045	Bacon	باكون
D1046	Employee Retirement Income Security Act	none
D1047	Alvin Independent School District	none
D1048	Geology of Mars	جيولوجيا المريخ
D1049	Ulnar nerve	عصب زندي
D1050	Hogwarts	هوغوورتس
D1051	Subprime mortgage crisis	أزمة الرهن العقاري
D1052	Harley-Davidson	هارلي-ديفيدسون
D1053	Myers-Briggs Type Indicator	none
D1054	Judas (song)	none
D1055	Marvin Gaye	مارفين غاي
D1056	Academy Award for Best Picture	جائزة الأوسكار لأفضل فيلم
D1057	Heavy Rain	هيفي رين
D1058	Superannuation in Australia	none
D1059	Flea	برغوثيات
D1060	List of The Game characters	none
D1061	United States presidential election, 2008	انتخابات الرئاسة الأمريكية 2008
D1062	Electoral College (United States)	المجمع الانتخابي (الولايات المتحدة)
D1063	Barack Obama	باراك أوباما
D1064	Honda CBR1100XX	none
D1065	Electronic health record	سجل طبي إلكتروني
D1066	The Rime of the Ancient Mariner	قصيدة البحار العجوز
D1067	Freddie Mercury	فريدي ميركوري
D1068	Lutheranism	لوثرية
D1069	Proxy auto-config	none
D1070	Zendaya	زيندايا
D1071	List of airports in Pennsylvania	none
D1072	IOS	آي أو إس
D1073	Disney Channel	قناة ديزني
D1074	Accounts receivable	حساب مدين
D1075	Spoiler (automotive)	none
D1076	Shoulder problem	none
D1077	List of video games featuring Mario	قائمة ألعاب الفيديو التي تضم ماريو
D1078	Man of Constant Sorrow	none
D1079	Category:Cities in Orange County, California	تصنيف:مدن في مقاطعة أورانج، كاليفورنيا
D1080	Volt	فولت
D1081	Assassination of Archduke Franz Ferdinand of Austria	اغتيال الأرشيدوق النمساوي فرانز فرديناند
D1082	Mission San Juan Capistrano	none
D1083	Better Off Dead (film)	none
D1084	Wasp	زنبار
D1085	Mercedes-Benz Superdome	ملعب مرسيدس بنز سوبردوم
D1086	Disney's Animal Kingdom Lodge	none
D1087	People's Party (United States)	none
D1088	1999 Oklahoma tornado outbreak	none
D1089	Coat of arms of the Bahamas	none
D1090	Events leading to the attack on Pearl Harbor	none
D1091	Stapler	دباسة
D1092	Hairspray (2007 film)	مثبتات الشعر (فيلم)
D1093	Swallowing	بلع
D1094	Thaddeus Stevens	ثاديوس ستيفنز
D1095	List of Jem characters	none
D1096	Translation (biology)	ترجمة (وراثة)
D1097	Multimedia Messaging Service	خدمة رسائل الوسائط المتعددة
D1098	Smallpox	جدري
D1099	I Want to Hold Your Hand	none
D1100	Gasser (car)	none
D1101	Electrocardiography	تخطيط كهربائية القلب
D1102	Berlin Blockade	حصار برلين
D1103	The Walt Disney Company	شركة والت ديزني
D1104	Political party strength in U.S. states	none
D1105	Biodiesel	ديزل حيوي
D1106	Proud Mary	none
D1107	Muslim world	عالم إسلامي
D1108	Falklands War	حرب الفوكلاند
D1109	A Change Is Gonna Come	none
D1110	Crocodile	تمساح
D1111	Geothermal energy	طاقة حرارية جوفية
D1112	Erosion	تعرية
D1113	Ownership	none
D1114	Albany, Oregon	ألباني (أوريغون)
D1115	Immigration to the United States	هجرة إلى الولايات المتحدة
D1116	Drywall	none
D1117	What's My Name? (Rihanna song)	واتز ماي نايم؟ (أغنية ريانا)
D1118	Mathematical constant	ثابت رياضي
D1119	United States Senate elections, 2010	none
D1120	Solstice	انقلاب شمسي
D1121	Jerry Lee Lewis	جيري لي لويس
D1122	Emancipation Proclamation	إعلان تحرير العبيد
D1123	Sucker Punch (film)	none
D1124	Digital camera	كاميرا رقمية
D1125	Forensic facial reconstruction	none
D1126	Web server	خادم ويب
D1127	American Red Cross	الصليب الأحمر الأمريكي
D1128	Prohibition	منع الكحول
D1129	Rooster	ديك
D1130	Pokémon Trading Card Game	none
D1131	Land Rover	لاند روفر
D1132	List of Bleach episodes (season 9)	none
D1133	East Coast of the United States	none
D1134	Sertraline	سيرترالين
D1135	Independence Day (United States)	يوم الاستقلال (الولايات المتحدة)
D1136	The Five Heartbeats	none
D1137	Automotive battery	بطارية السيارة
D1138	Glen Burnie, Maryland	none
D1139	Full-time	none
D1140	Subtractive color	لون طرحي
D1141	Ionosphere	غلاف أيوني
D1142	Controlled Substances Act	none
D1143	Maya numerals	أرقام المايا
D1144	Schroeder (Peanuts)	none
D1145	Usenet newsgroup	none
D1146	Glutamine	جلوتامين
D1147	List of Greek and Latin roots in English	none
D1148	Lyndon B. Johnson	ليندون جونسون
D1149	Progesterone	بروجستيرون
D1150	Big Bird	none
D1151	Webtrends	none
D1152	Breast implant	زرع الثدي
D1153	Second Crusade	الحملة الصليبية الثانية
D1154	Walmart	وول مارت
D1155	Methamphetamine	ميثامفيتامين
D1156	Gary Moore	غاري مور
D1157	Mini-DIN connector	none
D1158	Web hosting service	استضافة الويب
D1159	Obstetrics	طب التوليد
D1160	Baptism	معمودية
D1161	Zach Thomas	none
D1162	Moth	عثة
D1163	Wright brothers	الأخوان رايت
D1164	Graphical user interface	واجهة مستخدم رسومية
D1165	African American	none
D1166	America's Next Top Model, Cycle 12	none
D1167	ExxonMobil	إكسون موبيل
D1168	Globe Theatre	مسرح جلوب
D1169	It's a Wonderful Life	إنها حياة رائعة
D1170	Data warehouse	مستودع البيانات
D1171	Quarry	مقلع (طبوغرافية)
D1172	MIT Sloan School of Management	none
D1173	Mormons	مورمون
D1174	Banana connector	none
D1175	Asset	أصول
D1176	Paracelsus	باراسيلسوس
D1177	Trojan War	حصار طروادة
D1178	Letterboxing (filming)	none
D1179	Neuron	عصبون
D1180	Super Bowl XLIII	none
D1181	People meter	none
D1182	Bryophyte	البريويات
D1183	Semicolon	فاصلة منقوطة
D1184	Bank	مصرف (أموال)
D1185	Xbox	إكس بوكس (علامة)
D1186	Gospel of john	none
D1187	England	إنجلترا
D1188	Plagues of Egypt	ضربات مصر
D1189	Role-playing game	لعبة تقمص أدوار
D1190	World's busiest airport	none
D1191	Blu-ray Disc	none
D1192	Deepwater Horizon oil spill	التسرب النفطي في خليج المكسيك 2010
D1193	Where the Streets Have No Name	none
D1194	Tom Hanks	توم هانكس
D1195	The Cape (2011 TV series)	none
D1196	Halley's Comet	مذنب هالي
D1197	List of United States cities by population	قائمة مدن الولايات المتحدة حسب عدد السكان
D1198	Mayflower	سفينة المايفلاور
D1199	Forward (association football)	مهاجم (كرة قدم)
D1200	Domestic partnership in California	none
D1201	Mark Jackson (basketball)	مارك جاكسون (كرة سلة)
D1202	Languages of South Africa	none
D1203	Aluminium nitrate	نترات الألومنيوم
D1204	New York Jets	none
D1205	Psilocybin mushroom	none
D1206	Kuch Kuch Hota Hai	كوتش كوتش هوتا هي (فيلم هندي)
D1207	Alaska	ألاسكا
D1208	Arrondissements of France	دوائر إدارية فرنسية
D1209	Pressure washer	none
D1210	VAGINA	none
D1211	Cincinnati Reds	none
D1212	Stink bomb	قنبلة الرائحة الكريهة
D1213	Black Velvet (song)	none
D1214	Master Cleanse	none
D1215	A picture is worth a thousand words	none
D1216	Economy of the Netherlands	اقتصاد هولندا
D1217	Fugitive Slave Act of 1850	none
D1218	Loyal to the Game	none
D1219	Heritability	وروثية
D1220	The View (U.S. TV series)	none
D1221	John Colter	none
D1222	Prunus virginiana	none
D1223	Los Angeles International Airport	مطار لوس أنجلوس الدولي
D1224	Peyton Manning	none
D1225	Baker Hughes	none
D1226	Penny (United States coin)	none
D1227	Koi	كوي
D1228	American Federation of Government Employees	none
D1229	Crystallization	تبلور
D1230	Evolutionary history of plants	تطور النباتات
D1231	List of Super Bowl champions	none
D1232	Christianity in Africa	المسيحية في أفريقيا
D1233	Martin County, Texas	مقاطعة مارتن (تكساس)
D1234	Alkaline phosphatase	فوسفاتاز قلوي
D1235	Triticale	شيقم
D1236	Puff, the Magic Dragon	none
D1237	College football national championships in NCAA Division I FBS	none
D1238	Milwaukee Brewers	none
D1239	Washington Nationals	none
D1240	Contingent fee	none
D1241	Doctor of Osteopathic Medicine	دكتوراه في تقويم العظام
D1242	Convocation	none
D1243	Sons of Anarchy	أبناء الفوضى
D1244	Grímsvötn	none
D1245	Vetting	none
D1246	Thomas Jefferson	توماس جفرسون
D1247	Free Soil Party	none
D1248	Caesars Entertainment Corporation	none
D1249	Permanent resident (Canada)	none
D1250	Erica Kane	none
D1251	Consumer Price Index	none
D1252	Knocking on wood	none
D1253	Rocker arm	none
D1254	The Night the Lights Went Out in Georgia	none
D1255	Union (set theory)	اتحاد (نظرية المجموعات)
D1256	List of Schedule II drugs (US)	none
D1257	Return address	none
D1258	Steven Adler	none
D1259	Nerve guidance conduit	none
D1260	European Theatre of World War II	none
D1261	Hardcore Pawn	none
D1262	Amoxicillin	أموكسيسيلين
D1263	List of The Big Bang Theory characters	none
D1264	Human evolution	تطور الإنسان
D1265	Lisa Cuddy	none
D1266	Track and field	سباقات المضمار والميدان
D1267	Operation Torch	عملية الشعلة
D1268	Chevrolet Corvette (C5)	شيفروليه كورفيت سي5
D1269	Nickel (United States coin)	نيكل (عملة أمريكية)
D1270	Stand by Me (song)	none
D1271	Flower	زهرة (نبات)
D1272	McDonnell Douglas F-15 Eagle	إف-15 إيغل
D1273	Assassination of Abraham Lincoln	اغتيال أبراهام لينكون
D1274	Mimio	none
D1275	Rahab	راحاب
D1276	ARB	none
D1277	Organization of American States	منظمة الدول الأمريكية
D1278	Data deduplication	none
D1279	Christopher Columbus	كريستوفر كولومبوس
D1280	Boxer (dog)	كلب البوكسر
D1281	Serial ATA	ساتا
D1282	History of the Internet	تاريخ الإنترنت
D1283	The Gift (Susan Boyle album)	none
D1284	This Is Just To Say	none
D1285	Royal Standard of the United Kingdom	none
D1286	Brian Williams	برايان ويليامز
D1287	Albus Dumbledore	ألباس دمبلدور
D1288	Calcitonin	كالسيتونين
D1289	Mousepad	none
D1290	Riverfront Stadium	none
D1291	Nexen Tire	none
D1292	Silent majority	none
D1293	Atmosphere of Mercury	none
D1294	Lateral aperture	none
D1295	Monkeys in space	none
D1296	RAID	ريد
D1297	Pork chop	none
D1298	Lymphocyte	خلية لمفاوية
D1299	The Big Lebowski	ليباوسكي الكبير
D1300	Severus Snape	سيفروس سنيب
D1301	Grits	none
D1302	Human chorionic gonadotropin	موجهة الغدد التناسلية المشيمائية
D1303	Westminster Abbey	دير وستمنستر
D1304	Ombudsman	ديوان المظالم
D1305	New England	نيو إنجلاند
D1306	Emergency!	none
D1307	Eastern Time Zone	منطقة زمنية شرقية
D1308	Periodic table	جدول دوري
D1309	Minecraft	ماين كرافت
D1310	The Dark Knight (film)	فارس الظلام
D1311	Timeline of radio	none
D1312	Sydney Opera House	دار أوبرا سيدني
D1313	Body mass index	مؤشر كتلة الجسم
D1314	Thomas Paine	توماس بين
D1315	Clinical trial	تجربة سريرية
D1316	Stanza	دور (شعر)
D1317	Barney Stinson	none
D1318	Green Bay Packers	غرين باي باكرز
D1319	Ethanol fuel	إيثانول حيوي
D1320	Price ceiling	none
D1321	Super Bowl XLI	none
D1322	Renée Zellweger	none
D1323	Ossicles	عظيمات
D1324	New Covenant	الوعد الجديد
D1325	List of people pardoned or granted clemency by the President of the United States	none
D1326	Plant stem	ساق نبات
D1327	Tampa, Florida	تامبا (فلوريدا)
D1328	Specialist (rank)	none
D1329	Chevrolet Cavalier	none
D1330	AT&T Mobility	none
D1331	Martin Luther King, Jr.	none
D1332	Major League Baseball Most Valuable Player Award	none
D1333	Tiger	ببر
D1334	Childbirth	ولادة
D1335	Linen	كتان (قماش)
D1336	Wii MotionPlus	none
D1337	Majulah Singapura	إلى الأمام سنغافورة
D1338	Shipbuilding	بناء السفن
D1339	Wakonda, South Dakota	واكوندا (داكوتا الجنوبية)
D1340	Nintendo DS storage devices	none
D1341	Japanese American	none
D1342	Church of Christ	none
D1343	List of Billboard Hot 100 chart achievements and milestones	none
D1344	V (2009 TV series)	في (مسلسل 2009)
D1345	Geocaching	هواية العثور على المخابئ
D1346	Boogie Down Productions	none
D1347	Municipal bond	none
D1348	Gimme Some Lovin'	none
D1349	SpongeBob SquarePants	سبونج بوب سكوير بانتس
D1350	Internet Movie Database	none
D1351	Pulmonary alveolus	حويصلة هوائية
D1352	Host adapter	none
D1353	Cashmere wool	كشمير (نسيج)
D1354	Jennifer Convertibles	none
D1355	Egg roll	none
D1356	Pain and suffering	none
D1357	Medallion signature guarantee	none
D1358	Grease (film)	غريس (فيلم)
D1359	Board of Directors	none
D1360	General Motors streetcar conspiracy	none
D1361	2010 FIFA World Cup	كأس العالم لكرة القدم 2010
D1362	American colonial architecture	عمارة استعمارية
D1363	In the Mood	none
D1364	Gramophone record	none
D1365	Active learning	تعلم نشط
D1366	Grassland	أرض عشبية
D1367	Balanced budget	none
D1368	Henna	الحناء
D1369	Thin film	غشاء رقيق
D1370	Gears of War	غيرز أوف وور (سلسلة)
D1371	Glossary of cycling	none
D1372	A Tree Grows in Brooklyn (novel)	شجرة تنبت في بروكلين
D1373	I Wanna Dance with Somebody (Who Loves Me)	none
D1374	Tropics	منطقة استوائية
D1375	Avocado	أفوكادو
D1376	Michael Teutul	none
D1377	What You Need	none
D1378	Playhouse Square Center	none
D1379	Airbag	وسادة هوائية
D1380	IRS tax forms	none
D1381	Driver's license in the United States	none
D1382	List of Chinese inventions	none
D1383	Globalization	عولمة
D1384	The Replacements (film)	none
D1385	American Airlines destinations	none
D1386	Day-O (The Banana Boat Song)	none
D1387	Nurse Jackie	none
D1388	Keeping Up with the Kardashians	none
D1389	Certificate of Occupancy	none
D1390	Afghanistan	أفغانستان
D1391	Cost of goods sold	none
D1392	Confectionery store	none
D1393	Qing Dynasty	none
D1394	Youtube	none
D1395	Tire	إطار مطاطي
D1396	Joseph Warren	none
D1397	What Would You Do? (City High song)	none
D1398	Organic semiconductor	none
D1399	FIFA Women's World Cup	كأس العالم لكرة القدم للسيدات
D1400	Scorpions (novel)	none
D1401	Mouth	فم
D1402	Son of man	ابن الإنسان (لقب)
D1403	Dell Inspiron	none
D1404	Texas	تكساس
D1405	Fox hunting	صيد الثعالب
D1406	United States cities by crime rate	none
D1407	Tobacco advertising	none
D1408	Bally Technologies	none
D1409	Inferno (Dante)	الجحيم (دانتي)
D1410	Smirnoff	none
D1411	The Matrix	الماتريكس (فيلم)
D1412	Six sigma	none
D1413	Big Brown	none
D1414	Serenity Prayer	none
D1415	Declaration and Resolves of the First Continental Congress	none
D1416	Pulse pressure	ضغط نبضي
D1417	The Hills	none
D1418	Bad beat	none
D1419	Goldfish	سمك ذهبي
D1420	Rouladen	غولادين
D1421	Costa Rica	كوستاريكا
D1422	List of countries by GDP (nominal)	قائمة الدول حسب الناتج المحلي الإجمالي
D1423	Massey Ferguson	none
D1424	Lapping	none
D1425	America's Team	none
D1426	My Babysitter's a Vampire (TV series)	none
D1427	Pickup Truck	none
D1428	Bottled water	مياه معبأة
D1429	Mohawk people	موهوك
D1430	Major rivers of India	none
D1431	Bretton Woods system	بريتون وودز
D1432	Ducati	دوكاتي
D1433	Suicide	انتحار
D1434	Proof (rapper)	none
D1435	Credit score	none
D1436	SI base unit	وحدة دولية أساسية
D1437	Colorado National Monument	none
D1438	Fiji	فيجي
D1439	Wheelbarrow	عربة يدوية صغيرة
D1440	Uniforms of the United States Marine Corps	none
D1441	Area codes 419 and 567	none
D1442	Mickey Gilley	none
D1443	Finding Nemo	البحث عن نيمو
D1444	America's Best Dance Crew (season 6)	none
D1445	Social Security (United States)	none
D1446	Alcohol by volume	نسبة الكحول
D1447	Mamma Mia!	ماما ميا!
D1448	Laurel Hollow, New York	لورل هالو (نيويورك)
D1449	Charles dickens	none
D1450	Civil rights movement	none
D1451	McMuffin	none
D1452	Death of John Lennon	none
D1453	Endangered species	أنواع مهددة بالانقراض
D1454	New Orleans	نيو أورلينز
D1455	United States presidential election, 1968	none
D1456	Karak, Hamadan	none
D1457	True Grit (1969 film)	الحصى الحقيقي (فيلم)
D1458	Millwright	none
D1459	The Adjustment Bureau	none
D1460	Sodium azide	أزيد الصوديوم
D1461	Conservative Party (UK)	حزب المحافظين البريطاني
D1462	Destiny's Child	دستنيز تشايلد
D1463	Centers for Disease Control and Prevention	مراكز مكافحة الأمراض واتقائها
D1464	Earthquake prediction	none
D1465	Debby Ryan	ديبي رايان
D1466	Tourbillon	زوبعة (ساعات ميكانيكية)
D1467	Windows Installer	none
D1468	Mexican War of Independence	حرب الاستقلال المكسيكية
D1469	Procedure codes	none
D1470	Root (chord)	none
D1471	Four Loko	none
D1472	Ounce	أونصة
D1473	Fret	none
D1474	Westfield Group	none
D1475	Alcohol during and after prohibition	none
D1476	Metre	متر
D1477	Smokey Bear	none
D1478	Geologist	جيولوجي
D1479	Newton N. Minow	none
D1480	Duvet	none
D1481	Mr. Bojangles (song)	none
D1482	Structural functionalism	نسق اجتماعي
D1483	List of drill and tap sizes	none
D1484	Vacuum tube	صمام مفرغ
D1485	Skittles (confectionery)	سكيتلس (حلويات)
D1486	Winston Churchill	ونستون تشرشل
D1487	Nonprofit organization	منظمة غير ربحية
D1488	Ruby Gloom	none
D1489	Ford Focus	فورد فوكوس
D1490	Crossing the Red Sea	عبور البحر الأحمر
D1491	Growth medium	مستنبت
D1492	Talent agent	وكيل مواهب
D1493	Moons of Mars	قمرا المريخ
D1494	Murder book	none
D1495	Melon ball	none
D1496	Knowledge, Skills, and Abilities	none
D1497	Whole grain	none
D1498	Angela Davis	أنجيلا ديفيس
D1499	Love Always	none
D1500	Small intestine	أمعاء دقيقة
D1501	West Side Story	none
D1502	Adjustable-rate mortgage	none
D1503	North American Free Trade Agreement	نافتا
D1504	Star (classification)	none
D1505	Assassination of Robert F. Kennedy	اغتيال روبرت ف. كينيدي
D1506	Modern Age of Comic Books	none
D1507	When Harry Met Sally...	عندما التقى هاري بسالي (فيلم)
D1508	Hamburger Helper	none
D1509	Dwarf planet	كوكب قزم
D1510	Debit card	بطاقة المدين
D1511	Jack LaLanne	none
D1512	Air force officer ranks	none
D1513	Penélope Cruz	none
D1514	File Explorer	مستكشف الملفات
D1515	Paul Revere	بول ريفير
D1516	Care Bears	none
D1517	List of lakes in Michigan	none
D1518	Interstate 70	none
D1519	Solar eclipse	كسوف الشمس
D1520	Eddie Vedder	none
D1521	Political party	حزب سياسي
D1522	Mango	منجا
D1523	Gill Byrd	none
D1524	Tropic of cancer	none
D1525	DVD-Video	none
D1526	Bellefontaine, Ohio	بيل فونتين
D1527	Leech (computing)	none
D1528	United States Postal Service	none
D1529	List of capitals in the United States	قائمة العواصم في الولايات المتحدة
D1530	Princess cut	none
D1531	Russia and weapons of mass destruction	none
D1532	Chevrolet Monte Carlo	شيفروليه مونت كارلو
D1533	Scottsdale, Arizona	سكوتسديل
D1534	Brad Pitt	براد بيت
D1535	Dog	كلب
D1536	Electron microscope	مجهر إلكتروني
D1537	Popeyes Louisiana Kitchen	none
D1538	Leg press	ضغط الأرجل
D1539	Wendy Williams	ويندي ويليامز
D1540	Social contract	عقد اجتماعي
D1541	Give me Liberty, or give me Death!	none
D1542	Newfoundland and Labrador	نيوفاوندلاند واللابرادور
D1543	Theodore Roosevelt	ثيودور روزفلت
D1544	Cousin	ابن العم أو الخال
D1545	Webster (TV series)	ويبستر (مسلسل)
D1546	Cell division	انقسام خلوي
D1547	Sports in the United States	الرياضة في الولايات المتحدة
D1548	News Corporation	نيوز كوربوريشن
D1549	Category:Mountain ranges of Massachusetts	تصنيف:سلاسل جبلية في ماساتشوستس
D1550	Monarchy	ملكية
D1551	Howard Jones (musician)	none
D1552	Isle of Man TT	كأس جزيرة مان السياحية
D1553	Unemployment	بطالة
D1554	Newton metre	نيوتن متر
D1555	Collectivism	جماعية
D1556	Acute disseminated encephalomyelitis	التهاب الدماغ والنخاع الحاد المنتشر
D1557	Stomach	معدة
D1558	Christmas stocking	none
D1559	John Adams	جون آدامز
D1560	Woodie	none
D1561	Per diem	حسم
D1562	Robin Hood	روبن هود
D1563	Pearl	لؤلؤ
D1564	Joseph Franklin Rutherford	none
D1565	Bing	none
D1566	American football positions	none
D1567	List of Zoey 101 characters	none
D1568	Irish people	إيرلنديون
D1569	Hubble Space Telescope	مرصد هابل الفضائي
D1570	Anti-inflammatory	مضاد التهاب
D1571	The Tonight Show	none
D1572	John Glenn	جون غلين
D1573	Mama Told Me Not to Come	none
D1574	50 Cent	50 سنت
D1575	Mother Angelica	الأم أنجيليكا
D1576	SS Andrea Doria	none
D1577	Dialysis tubing	none
D1578	Statue of Liberty	تمثال الحرية
D1579	Thermometer	مقياس حرارة
D1580	Snow White and the Seven Dwarfs (1937 film)	سنو وايت والأقزام السبعة (فيلم 1937)
D1581	Fifth Avenue	الجادة الخامسة (نيويورك)
D1582	childbirth	none
D1583	AM-2201	none
D1584	List of Viva La Bam episodes	none
D1585	Flushed Away	التدفق البعيد (فيلم)
D1586	Atlanta Braves	none
D1587	List of charitable organizations in the Roman Catholic Archdiocese of New York	none
D1588	Leaf	ورقة نبات
D1589	Second Epistle to the Corinthians	الرسالة الثانية إلى أهل كورنثوس
D1590	Our Gang	none
D1591	Heroin	هيروين
D1592	Zacharias Janssen	زاكرياس يانسن
D1593	George Washington	جورج واشنطن
D1594	Wiki	ويكي
D1595	Lake Tahoe	بحيرة تاهو
D1596	Twenty-seventh Amendment to the United States Constitution	none
D1597	First they came...	none
D1598	List of islands by area	قائمة الجزر حسب المساحة
D1599	Four Thirds system	none
D1600	HVAC	التدفئة والتهوية وتكييف الهواء
D1601	Maximum Ride	none
D1602	Appalachia	none
D1603	Savanna	سافانا
D1604	James Bond (literary character)	none
D1605	Nature Boy	none
D1606	Louisiana	لويزيانا
D1607	Laws of science	قوانين العلم
D1608	High jump	قفز عالي
D1609	Index.dat	ملف الفهرس
D1610	Joan Baez	جوان بيز
D1611	PlayStation 3 launch	none
D1612	Lauren Fenmore	none
D1613	2010 NBA Finals	none
D1614	Prosecutor	مدع
D1615	Strawberry Shortcake	ستروبيري شورت كيك
D1616	Muhammad	محمد
D1617	Great Books of the Western World	none
D1618	Stingray	سمك الرقيطة
D1619	Cocaine (song)	none
D1620	Roller skating	تزلج بالعجلات
D1621	Attack on Pearl Harbor	الهجوم على بيرل هاربر
D1622	Great Falls, South Carolina	غريت فالس (كارولاينا الجنوبية)
D1623	Religion in Africa	none
D1624	Project Runway (season 2)	none
D1625	Miami Marlins	none
D1626	Mule (coin)	none
D1627	Dungeness crab	none
D1628	Tornadoes of 2010	none
D1629	Windows PowerShell	none
D1630	Mary Poppins (film)	ماري بوبينز (فيلم)
D1631	Story arc	none
D1632	Bible translations	ترجمات الكتاب المقدس
D1633	Black Friday (shopping)	الجمعة السوداء
D1634	The Family That Preys	none
D1635	Net D	none
D1636	British West Indies	none
D1637	United States presidential inauguration	يوم القسم الرئاسي
D1638	Lady Gaga	ليدي غاغا
D1639	Justinian I	جستينيان الأول
D1640	Florida Gators baseball	none
D1641	Political campaign	حملة انتخابية
D1642	Superman	سوبرمان
D1643	Elizabeth Cady Stanton	إليزابيث كادي ستانتون
D1644	My Fair Lady	none
D1645	Ancient Egyptian royal titulary	ألقاب ملكية مصرية قديمة
D1646	Deregulation	none
D1647	Boston Bruins Radio Network	none
D1648	There Will Come Soft Rains (short story)	none
D1649	Ethnic group	عرقية
D1650	Ricky Martin	ريكي مارتن
D1651	Klingon culture	none
D1652	Solar energy	طاقة شمسية
D1653	Latin alphabet	none
D1654	Appalachian Trail	none
D1655	Add-on	none
D1656	Deliverable	none
D1657	Fidel Castro	فيدل كاسترو
D1658	Club seating	none
D1659	Sophia Loren	صوفيا لورين
D1660	Epidemiology of suicide	وبائيات الانتحار
D1661	Oprah Winfrey Leadership Academy for Girls	اكاديمية اوبرا وينفري للقيادة
D1662	Digicel	none
D1663	FIFA World Cup records	none
D1664	Scott Pilgrim vs. the World	سكوت بيلجرام يواجه العالم
D1665	Jefferson Davis	جيفيرسون ديفيس
D1666	True Blood	دم حقيقي
D1667	Googol	غوغول
D1668	Hospital emergency codes	none
D1669	Eifel Aqueduct	قناة إيفل
D1670	Disulfide bond	none
D1671	Religion in the United Kingdom	الدين في المملكة المتحدة
D1672	1967 Newark riots	none
D1673	Redshirt (college sports)	none
D1674	Communist state	دولة شيوعية
D1675	Michael Phelps	مايكل فيلبس
D1676	Lenovo	لينوفو
D1677	Slug	بزاق
D1678	Napoleon	نابليون الأول
D1679	List of United States Senators from Pennsylvania	none
D1680	South Africa national rugby union team	منتخب جنوب أفريقيا الوطني لإتحاد الرجبي
D1681	Battle of gettysburg	none
D1682	List of academic disciplines	none
D1683	AFI's 100 Years...100 Movie Quotes	none
D1684	Juris Doctor	none
D1685	PHP	بي إتش بي
D1686	Metaphor	استعارة
D1687	Dexter (TV series)	ديكستر (مسلسل)
D1688	Context-dependent memory	none
D1689	Printmaking	طباعة فنية
D1690	Il Divo	إيل ديفو
D1691	1998 FIFA World Cup	كأس العالم لكرة القدم 1998
D1692	Interceptor aircraft	طائرة اعتراضية
D1693	Vietnamese American	none
D1694	Menstrual cycle	دورة شهرية
D1695	Death of Adolf Hitler	وفاة أدولف هتلر
D1696	Alcohol laws of Missouri	none
D1697	Necrotizing fasciitis	مرض أكل اللحم
D1698	World War II	الحرب العالمية الثانية
D1699	Limited liability company	none
D1700	K-Cup	none
D1701	Big Sandy River (Ohio River)	none
D1702	Chronograph	كرونوغراف
D1703	Conventional PCI	منفذ الملحقات الإضافية
D1704	Michael W. Smith	none
D1705	Folsom State Prison	none
D1706	Just the Way You Are	none
D1707	1967 NBA Finals	none
D1708	Airbus	إيرباص
D1709	Sabotage	تخريب متعمد
D1710	Patrick Henry College	none
D1711	History of television	تاريخ التلفزيون
D1712	Movie theater	سينما
D1713	Motorcycle club	none
D1714	Lyme disease	داء لايم
D1715	Deep Blue Sea	none
D1716	Star Wars music	none
D1717	Adderall	آديرال
D1718	Penis	قضيب (عضو ذكري)
D1719	Alpine skiing	التزلج على المنحدرات الثلجية
D1720	Artists and repertoire	none
D1721	Furlong	none
D1722	Lithium battery	بطارية الليثيوم
D1723	Shampoo	شامبو
D1724	Ray lamontagne	none
D1725	Annie (1982 film)	none
D1726	List of Ugly Betty characters	none
D1727	When the Wind Blows (James Patterson novel)	none
D1728	Logos and uniforms of the Pittsburgh Steelers	none
D1729	Erwin Rommel	إرفين رومل
D1730	Seven gifts of the Holy Spirit	none
D1731	Earth Day	يوم الأرض
D1732	Iodine	يود
D1733	Lobbying	ضغط سياسي
D1734	Skins (UK TV series)	none
D1735	Cream (band)	none
D1736	Hairspray (1988 film)	none
D1737	List of Christian denominations	none
D1738	Louisiana Purchase	صفقة لويزيانا
D1739	Cool Jerk	none
D1740	Kris Jenner	كريس جينر
D1741	Malaysia	ماليزيا
D1742	History of the Republic of Ireland	تاريخ جمهورية أيرلندا
D1743	John Quincy Adams	جون كوينسي آدامز
D1744	Internet Explorer 9	إنترنت إكسبلورر 9
D1745	Alka-Seltzer	none
D1746	Stalactite	نوازل الكهوف
D1747	British degree abbreviations	none
D1748	Race (human classification)	العرق (التصنيف البشري)
D1749	Lucy Stone	لوسي ستون
D1750	Bond (finance)	سند (ورقة مالية)
D1751	Pelvic outlet	none
D1752	Scale model	نموذج مصغر
D1753	Zune HD	none
D1754	Electric chair	كرسي كهربائي
D1755	Maryland House of Delegates	none
D1756	Private label	علامة تجارية للمتجر
D1757	Liberation of Paris	تحرير باريس
D1758	Feelin' Alright	none
D1759	Neural pathway	مسار عصبي
D1760	Devon Werkheiser	ديفون وركهايسر
D1761	Carter G. Woodson	none
D1762	Loan origination	none
D1763	Ray charles	none
D1764	New Deal	الصفقة الجديدة
D1765	List of sports attendance figures	none
D1766	Federal Insurance Contributions Act tax	none
D1767	Woman	امرأة
D1768	List of U.S. state abbreviations	قائمة رموز الولايات الأمريكية
D1769	I Don't Want to Miss a Thing	none
D1770	Daylight saving time	توقيت صيفي
D1771	Montargis	مونتارغيس
D1772	Logical Unit Number	none
D1773	Gospel of Mark	إنجيل مرقس
D1774	The Lord of the Rings	سيد الخواتم
D1775	2011 end times prediction	none
D1776	Duomo	none
D1777	List of Drake & Josh episodes	none
D1778	The Bucket List	قائمة الدلو
D1779	Crusades	حملات صليبية
D1780	Training camp (National Football League)	none
D1781	Imperial units	وحدات إمبراطورية
D1782	File system	نظام الملفات
D1783	Triumph Motorcycles	none
D1784	William Howard Taft	ويليام هوارد تافت
D1785	The Ten Commandments (1956 film)	الوصايا العشر (فيلم 1956)
D1786	Louisville, Kentucky	لويفيل (كنتاكي)
D1787	Cooling bath	none
D1788	Eating disorder	اضطراب الأكل
D1789	Midlife crisis	أزمة منتصف العمر
D1790	Slavery in the United States	العبودية في الولايات المتحدة
D1791	Geologic time scale	مقياس زمني جيولوجي
D1792	Sharecropping	مزارعة
D1793	TI-82	none
D1794	Ben Carson	بن كارسون
D1795	United States	الولايات المتحدة
D1796	List of The King of Fighters characters	none
D1797	Whale Wars	none
D1798	Harpy Eagle	none
D1799	Biological classification	none
D1800	Circumpolar constellation	كوكبات قطبية
D1801	Sesame	سمسم
D1802	John Lennon	جون لينون
D1803	Rip Van Winkle	ريب فان وينكل
D1804	Pee-wee Herman	none
D1805	That '70s Show	عرض السبعينات ذاك
D1806	Kansas	كانساس
D1807	Cory in the House	كوري إن ذا هاوس
D1808	Psychology	علم النفس
D1809	Olmec	أولمك
D1810	One wall paddleball	none
D1811	List of The Nanny characters	none
D1812	Same-sex marriage in the United States	زواج المثليين في الولايات المتحدة
D1813	Sun City (song)	none
D1814	List of Police Academy characters	none
D1815	David Rice Atchison	ديفيد أتشيسون
D1816	List of NBA players with most championships	none
D1817	Accuracy and precision	الدقة والضبط
D1818	Continent	قارة
D1819	Biker Boyz	none
D1820	Roth IRA	none
D1821	Community property	none
D1822	Milwaukee	ميلواكي (ويسكونسن)
D1823	Hallelujah (Leonard Cohen song)	none
D1824	Garnishment	حجز مال المدين
D1825	Neuromuscular-blocking drug	none
D1826	Wedding of Prince William and Catherine Middleton	حفل زفاف الأمير ويليام وكيت ميدلتون
D1827	18th century	القرن 18
D1828	Vanessa Minnillo	none
D1829	Hand	يد
D1830	Too Cool	none
D1831	Digital clock	ساعة رقمية
D1832	List of Family Guy cast members	none
D1833	History of the board game Monopoly	تاريخ لعبة الاحتكار اللوحية
D1834	Sacrifice fly	none
D1835	Parcel	none
D1836	Minnesota	مينيسوتا
D1837	Grant (money)	none
D1838	Isotopes of cobalt	نظائر الكوبالت
D1839	Who Moved My Cheese?	من الذي حرك قطعة الجبن الخاصة بي ؟
D1840	Nikita Khrushchev	نيكيتا خروتشوف
D1841	Upper gastrointestinal bleeding	نزيف الجهاز الهضمي العلوي
D1842	Philips Lumileds Lighting Company	none
D1843	Mnemonic	استذكار
D1844	No Child Left Behind Act	none
D1845	Chickenlover	none
D1846	Death of Caylee Anthony	none
D1847	United States of Tara	none
D1848	Pickup truck	نصف نقل
D1849	Horses in the Middle Ages	none
D1850	The Music Man	none
D1851	Surveyor's wheel	none
D1852	Tapered roller bearing	none
D1853	Desert	صحراء
D1854	Girls Just Want to Have Fun	none
D1855	Defibrillation	none
D1856	Cato Institute	none
D1857	Mike Huckabee	مايك هاكابي
D1858	Dracula	دراكولا (رواية)
D1859	Quidditch	كويدتش
D1860	Rachael Ray	رايتشل راي
D1861	United States Congress	الكونغرس الأمريكي
D1862	A Little More Country Than That	none
D1863	BlackBerry	بلاك بيري
D1864	Demand curve	none
D1865	InuYasha	none
D1866	List of Arizona state symbols	none
D1867	History	تاريخ
D1868	Malcolm X	مالكوم إكس
D1869	Henry Paulson	هنري بولسون
D1870	Eucharistic adoration	none
D1871	Systemic	none
D1872	Single-lens reflex camera	كاميرا عاكسة مفردة العدسة
D1873	Virtual machine	آلة افتراضية
D1874	Waiting for the End	ويتينغ فور ذا إند
D1875	Donna Pinciotti	none
D1876	Household income in the United States	none
D1877	Registered Agent	none
D1878	Elephant	فيل
D1879	Life, liberty and the pursuit of happiness	none
D1880	massage	none
D1881	Marc Anthony	مارك أنتوني
D1882	Fencing	مبارزة السلاح
D1883	Quadriceps femoris muscle	عضلة رباعية الرؤوس
D1884	RMS Titanic	آر إم إس تيتانيك
D1885	Human leg	ساق الإنسان
D1886	Demographics of Turkey	التركيبة السكانية في تركيا
D1887	Full-size car	none
D1888	Northwest District, Portland, Oregon	none
D1889	Joel Grey	جويل غري
D1890	Flo (Progressive Insurance)	none
D1891	James Madison	جيمس ماديسون
D1892	Roman's Revenge	none
D1893	Hydraulic fluid	سائل هيدروليكي
D1894	Mahindra Tractors	none
D1895	Petit Le Mans	none
D1896	POWER6	معالج IBM Power 6
D1897	Beer	جعة
D1898	American middle class	none
D1899	Tiger Salamander	none
D1900	Saturday Night Live cast members	none
D1901	Disaster	كارثة
D1902	Booting	إقلاع (حاسوب)
D1903	Firebird (database server)	فيربيرد
D1904	outsourcing	none
D1905	HIV	فيروس العوز المناعي البشري
D1906	Steel strike of 1919	none
D1907	Fireman's pole	none
D1908	Mary Poppins	none
D1909	The Last Song (film)	ذا لاست سونغ (فيلم)
D1910	Simlish	none
D1911	Ultrasonic testing	اختبار فوق صوتي
D1912	Vas deferens	أسهر
D1913	Ischemia	نقص التروية
D1914	The Last of the Mohicans (1992 film)	آخر الموهيكان (فيلم 1992)
D1915	Criminal Minds	عقول إجرامية
D1916	Down syndrome	متلازمة داون
D1917	Hot flash	هبة الحرارة
D1918	QWERTY	كويرتي
D1919	G.I. Bill	none
D1920	Government of Singapore	none
D1921	Humboldt, Kansas	همبولدت (كانساس)
D1922	Watergate scandal	فضيحة ووترغيت
D1923	Elizabeth Webber	none
D1924	Presidency of Ronald Reagan	none
D1925	Mortality rate	معدل الوفيات
D1926	Otoacoustic emission	انبعاثات أذنية سمعية
D1927	CHEP	none
D1928	Hurricane Tomas	none
D1929	Victoria Jackson	فكتوريا جاكسون
D1930	Postmodern literature	none
D1931	Enigma (musical project)	إنيغما (فرقة)
D1932	Scooby-Doo	سكوبي دو
D1933	The Catcher in the Rye	الحارس في حقل الشوفان
D1934	Call of Duty	كول أوف ديوتي (سلسلة)
D1935	Estate tax in the United States	ضريبة العقارات في الولايات المتحدة
D1936	Gavin Rossdale	none
D1937	Evangeline	none
D1938	Raphael	رفائيل
D1939	Julia Roberts	جوليا روبرتس
D1940	Mark Zuckerberg	مارك زوكربيرغ
D1941	United States House Committee on Ways and Means	none
D1942	Blue whale	حوت أزرق
D1943	Range (mathematics)	none
D1944	Artichoke	none
D1945	United States one hundred-dollar bill	none
D1946	Mustard (condiment)	صلصة الخردل
D1947	Climax Blues Band	none
D1948	David	داود
D1949	Paresthesia	مذل
D1950	Kathmandu	كاتماندو
D1951	Field hockey	هوكي الحقل
D1952	Cane Ashby	none
D1953	Johnny Depp	جوني ديب
D1954	Mark Sanchez	none
D1955	Paul Avery	none
D1956	The Addams Family	none
D1957	Sump pump	none
D1958	Bleeding Kansas	none
D1959	Benzene	بنزين (مركب كيميائي)
D1960	Giovanni Schiaparelli	جيوفاني سكيابارلي
D1961	Heat	حرارة
D1962	Wii homebrew	none
D1963	Cougar Town	none
D1964	Stephen Hadley	ستيفن هادلي
D1965	Scientific control	ضبط علمي
D1966	Electron configurations of the elements (data page)	توزيعات إلكترونية للعناصر الكيميائية (صفحة بيانات)
D1967	Industrial Revolution	الثورة الصناعية
D1968	Juliet Huddy	none
D1969	List of United States cities by area	قائمة مدن الولايات المتحدة الأمريكية من حيث المساحة
D1970	Large intestine	أمعاء غليظة
D1971	San Fernando Valley	وادي سان فيرناندو
D1972	World of Coca-Cola	none
D1973	Pretties	none
D1974	Dime (United States coin)	دايم (عملة أمريكية)
D1975	Susan Smith	none
D1976	Mount McKinley	none
D1977	Honda S600	none
D1978	Everybody Hates Chris	none
D1979	Pleural effusion	انصباب جنبي
D1980	San Francisco	سان فرانسيسكو
D1981	Beowulf	بيولف
D1982	Constitution of Canada	دستور كندا
D1983	Shem	سام
D1984	Go Daddy	none
D1985	Andy Whitfield	أندي ويتفيلد
D1986	Andorra	أندورا
D1987	Kim Kardashian	كيم كردشيان
D1988	Oahu	أواهو (هاواي)
D1989	Large denominations of United States currency	none
D1990	British Honduras	هندوراس البريطانية
D1991	Spelt	حنطة
D1992	Sherlock Holmes	شرلوك هولمز
D1993	Michigan State Capitol	كابيتول ولاية ميشيغان
D1994	Jell-O	none
D1995	Kennywood	none
D1996	Social Security number	none
D1997	Minimalism	تقليلية
D1998	Dave Eggers	none
D1999	Mayfield Dairy	none
D2000	Dalton's law	قانون دالتون
D2001	List of United States colleges and universities by enrollment	none
D2002	Right Round	none
D2003	Chief Justice of the United States	none
D2004	Prudhoe Bay Oil Field	none
D2005	Rock of Ages (musical)	none
D2006	Labor unions in the United States	none
D2007	Boutique	بوتيك
D2008	List of The Game episodes	none
D2009	Navy Federal Credit Union	none
D2010	Phosphate	فوسفات
D2011	Stevie wonder	none
D2012	Psychosis	ذهان
D2013	General Grievous	الجنرال غريفوس
D2014	Baseball statistics	none
D2015	Cub Cadet	none
D2016	Scotty McCreery	none
D2017	General Tso's chicken	none
D2018	Great Depression	الكساد الكبير
D2019	David Ortiz	none
D2020	Premature ventricular contraction	انقباض بطيني سابق لأوانه
D2021	Lucy van Pelt	none
D2022	Gary Busey	غاري بوسي
D2023	Anti-Counterfeiting Trade Agreement	اتفاقية مكافحة التزييف التجارية
D2024	Semi-trailer truck	none
D2025	Lark Voorhies	none
D2026	Pittsburgh Steelers	بيتسبورغ ستيلرز
D2027	Flour	طحين
D2028	Heart rate	سرعة القلب
D2029	Carriage	none
D2030	Debriefing	عملية استخلاص المعلومات
D2031	2004 Indian Ocean earthquake and tsunami	زلزال وتسونامي المحيط الهندي 2004
D2032	Cubic foot	قدم مكعب
D2033	Kirstie Alley	كريستي آلي
D2034	Ho chi minh	none
D2035	All Roads Lead Home	none
D2036	Sales taxes in the United States	none
D2037	Central processing unit	وحدة معالجة مركزية
D2038	Overtime	ساعات عمل إضافية
D2039	Force-directed graph drawing	none
D2040	Purchasing power	قدرة شرائية
D2041	Education in South Korea	none
D2042	My Lai Massacre	مجزرة ماي لاي
D2043	Hijackers in the September 11 attacks	خاطفو الطائرات في 11 سبتمبر
D2044	Mithridates VI of Pontus	ميثراداتس السادس
D2045	Oldest people	عميد البشرية
D2046	Timeline of the African-American Civil Rights Movement	none
D2047	Heavy metal music	موسيقى الميتال
D2048	Far-right politics	يمين متطرف
D2049	Thomas Hobbes	توماس هوبز
D2050	Mexico city	none
D2051	Emotional intelligence	ذكاء عاطفي
D2052	Heredity	توريث (أحياء)
D2053	Income tax in the United States	none
D2054	Languages of India	لغات الهند
D2055	Adjusted Gross Income	none
D2056	Lazy Eye (Silversun Pickups song)	none
D2057	List of Etruscan mythological figures	none
D2058	North Korea	كوريا الشمالية
D2059	Vienna sausage	none
D2060	Telephone prefix	none
D2061	Metformin	ميتفورمين
D2062	Cabin pressurization	none
D2063	Mount Rushmore	جبل راشمور
D2064	Dress shirt	قميص رسمي
D2065	Administrative Professionals' Day	none
D2066	Blasting	none
D2067	Nicolas Poussin	نيكولا بوسان
D2068	Keith Whitley	none
D2069	Statute	نظام أساسي
D2070	List of heavyweight boxing champions	قائمة أبطال الملاكمة في الوزن الثقيل
D2071	Answering machine	مجيب (الهاتف)
D2072	T-bone steak	none
D2073	Antoine Walker	أنطوان ووكر
D2074	Function (mathematics)	دالة
D2075	External iliac artery	شريان حرقفي ظاهر
D2076	Steam (software)	ستيم
D2077	Archipelago	أرخبيل
D2078	Jerry Lewis	جيري لويس
D2079	Rhine	راين
D2080	Sri	none
D2081	Civil engineering	هندسة مدنية
D2082	Katherine Dunham	كاثرين دنهام
D2083	Sphagnum	إسفغنون
D2084	Network Railcard	none
D2085	United nations	none
D2086	Mississippi Alluvial Plain	none
D2087	South Beach	ساوث بيتش
D2088	Space Shuttle	مكوك فضاء
D2089	United States presidential election, 1960	none
D2090	Macbeth	مكبث (مسرحية)
D2091	Milton Hershey School	none
D2092	EPub	none
D2093	Second-language acquisition	اكتساب اللغة الثانية
D2094	Forbes list of billionaires	none
D2095	United States Secret Service	الخدمة السرية (الولايات المتحدة)
D2096	Me and Bobby McGee	none
D2097	Pressure	ضغط
D2098	Great Basin	الحوض العظيم
D2099	Tamari	none
D2100	Marketing mix	مزيج تسويقي
D2101	MS-13	أم أس-13
D2102	List of films based on video games	none
D2103	Bones (TV series)	بونز (مسلسل)
D2104	Super Bowl XXV	none
D2105	Pippi Longstocking	بيبي ذات الجورب الطويل
D2106	90210 (season 3)	none
D2107	Beaver Stadium	none
D2108	Tequila Sunrise (cocktail)	تيكيلا سن رايز
D2109	United States Senate election in Florida, 2010	none
D2110	Doha	الدوحة
D2111	Shelton Benjamin	شيلتون بنجامين
D2112	Paranasal sinuses	جيوب مجاورة للأنف
D2113	Lean manufacturing	تصنيع رشيق
D2114	List of iCarly episodes	none
D2115	Mecca	مكة
D2116	Westlife	ويستلايف
D2117	Vitamin A	فيتامين ألف
D2118	Selena Gomez	سيلينا غوميز
D2119	Tracie Spencer	none
D2120	Memorial Day	يوم الذكرى
D2121	Freedom Summer	none
D2122	Father's Day	يوم الأب
D2123	Secretary of state (U.S. state government)	none
D2124	Blues	بلوز
D2125	Liver	كبد
D2126	Quarter (United States coin)	none
D2127	Calcium nitrate	نترات الكالسيوم
D2128	Day of the Dead	يوم الموتى
D2129	2011 Major League Baseball All-Star Game	none
D2130	Sumlock ANITA calculator	none
D2131	United States federal budget	none
D2132	New Guinea	غينيا الجديدة
D2133	Amy Poehler	آيمي بولر
D2134	The Van Buren Boys	none
D2135	Bevo	none
D2136	Mylanta	none
D2137	Milk	حليب
D2138	Motorcycle speedway	سباق الدراجات النارية على المنعطفات
D2139	List of world's longest ships	none
D2140	Pebbles Flintstone	none
D2141	Vitamin d	none
D2142	Duramax V8 engine	none
D2143	Balto	none
D2144	Shiva (Judaism)	none
D2145	History of the Jews in the Land of Israel	none
D2146	Stephen Hawking in popular culture	none
D2147	Nissan Maxima	نيسان ماكسيما
D2148	Hot toddy	none
D2149	Propolis	العكبر
D2150	Steven Tyler	ستيفن تيلور
D2151	Swiss Psalm	نشيد سويسرا الوطني
D2152	Blood urea nitrogen	نيتروجين يوريا الدم
D2153	Wayne Fontes	none
D2154	Jews	يهود
D2155	Ethernet hub	موزع (حاسوب)
D2156	Corpus Christi (feast)	none
D2157	C-reactive protein	البروتين المتفاعل-C
D2158	European colonization of the Americas	الاستعمار الأوروبي للأمريكيتين
D2159	Testosterone	تستوستيرون
D2160	Cluster sampling	none
D2161	Jamestown, North Carolina	جيمستاون (كارولاينا الشمالية)
D2162	Natalie Portman	ناتالي بورتمان
D2163	Copper	نحاس
D2164	Major professional sports leagues in the United States and Canada	none
D2165	Parthenon	بارثينون
D2166	Stepwise regression	none
D2167	Meridian altitude	none
D2168	Earned value management	إدارة القيمة المكتسبة
D2169	Spring (season)	ربيع
D2170	Jamestown, Virginia	جيمستاون (فرجينيا)
D2171	Kentucky Derby	كنتاكي ديربي
D2172	James Frey	none
D2173	John Deere	جون دير (شركة)
D2174	United States ten-dollar bill	none
D2175	Colonial government in the Thirteen Colonies	none
D2176	Zoom lens	عدسة مقربة
D2177	Andy Griffith	أندي جريفيث
D2178	Hung jury	none
D2179	Terri Irwin	none
D2180	Heliocentrism	مركزية الشمس
D2181	Norah Jones	نورا جونز
D2182	Dimension (mathematics and physics)	none
D2183	Fontana, California	فونتانا (كاليفورنيا)
D2184	Cowboys Stadium	none
D2185	Coyote Ugly Saloon	none
D2186	The Late Late Show (CBS TV series)	none
D2187	Economic history of Canada	تاريخ كندا الإقتصادي
D2188	Carbon-14	كربون-14
D2189	Puce	none
D2190	Lightning strike	صاعقة
D2191	Peter Kilmartin	none
D2192	Sealing (Mormonism)	none
D2193	2000s (decade)	عقد 2000
D2194	Gunfight at the O.K. Corral	none
D2195	HDMI	واجهة متعددة الوسائط عالية الوضوح
D2196	State funeral of John F. Kennedy	none
D2197	Bree Van de Kamp	بري فان دي كامب
D2198	Algoma, Wisconsin	ألغوما
D2199	The Hangover Part II	صداع الكحول الجزء الثاني
D2200	English Renaissance	النهضة الإنجليزية
D2201	Betty Ford	بيتي فورد
D2202	CD31	none
D2203	Miss Florida USA	none
D2204	Anglo-Saxon England	none
D2205	Smoked salmon	سلمون مدخن
D2206	Coco Chanel	كوكو شانيل
D2207	Gristmill	none
D2208	Animals in space	حيوانات في الفضاء
D2209	Romania	رومانيا
D2210	Ancient history	تاريخ قديم
D2211	J. B. Danquah	none
D2212	Vitamin B12	فيتامين بي 12
D2213	Big Pokey	none
D2214	Baklava	بقلاوة
D2215	Total body surface area	قاعدة التسعات
D2216	List of countries by infant mortality rate	معدلات وفيات الأطفال حسب البلد
D2217	KJ-52	none
D2218	Degree symbol	رمز الدرجة
D2219	List of medical roots, suffixes and prefixes	none
D2220	Field lacrosse	none
D2221	Stomach cancer	سرطان المعدة
D2222	Big Time Rush	none
D2223	Sara Evans	none
D2224	Major religious groups	none
D2225	Euro sign	علامة اليورو
D2226	Mate (beverage)	متة
D2227	Automotive industry	صناعة المركبات
D2228	Dave Batista	none
D2229	Henry Sampson (inventor)	none
D2230	Arctic circle	none
D2231	Robert Gibbs	none
D2232	Quartz	مرو (معدن)
D2233	Erb's point (cardiology)	none
D2234	Traffic light	إشارة ضوئية
D2235	Epileptic seizure	نوبة (طب)
D2236	Sydney Harbour Bridge	جسر ميناء سيدني
D2237	Fundamental theorem of calculus	المبرهنة الأساسية للتفاضل والتكامل
D2238	Hawaii hotspot	none
D2239	Nicki Minaj	نيكي ميناج
D2240	Lucy (Australopithecus)	لوسي (مستحاثة)
D2241	Baby Bash	none
D2242	The Backyardigans	none
D2243	Eddie and the Cruisers	none
D2244	Osteonecrosis of the jaw	none
D2245	Boston Red Sox	بوسطن (ريد سوكس)
D2246	Mincemeat	none
D2247	Diana, Princess of Wales	ديانا أميرة ويلز
D2248	The Shawshank Redemption	الخلاص من شاوشانك
D2249	Suicide (character)	none
D2250	Argentina	الأرجنتين
D2251	Hickory, North Carolina	هيكري
D2252	Polyethylene terephthalate	بولي إيثيلين تيرفثالات
D2253	GE Building	none
D2254	List of United States Senators from Louisiana	none
D2255	Black pudding	بودينغ أسود
D2256	Stakeholder	none
D2257	Jack Smight	none
D2258	Dmitri Mendeleev	ديميتري مندلييف
D2259	Modesto, California	موديستو (كاليفورنيا)
D2260	Gender symbol	none
D2261	Leasehold estate	none
D2262	Olivia (TV series)	none
D2263	History of coffee	none
D2264	Panama Canal	قناة بنما
D2265	Benjamin Franklin	بنجامين فرانكلين
D2266	Block code	none
D2267	Tennessee Titans	تينيسي تايتانز
D2268	Global studies	none
D2269	Heart-Shaped Box	هارت شيبد بوكس
D2270	Orbital speed	سرعة مدارية
D2271	Ron Weasley	رون ويزلي
D2272	Puerto Rico	بورتوريكو
D2273	Brown Palace Hotel (Denver, Colorado)	none
D2274	Hannibal (film)	هانيبال (فيلم)
D2275	Mary Anderson (inventor)	none
D2276	I Confess (film)	none
D2277	Nautical mile	ميل بحري
D2278	2006 NBA Finals	none
D2279	Shippensburg, Pennsylvania	none
D2280	Black hairy tongue	لسان أسود مشعر
D2281	IEEE 1394	السلك الناري
D2282	Stent	دعامة (طب)
D2283	Gigabit Ethernet	none
D2284	The Fighter	المقاتل (فيلم)
D2285	Postage stamp	طابع بريد
D2286	University of Alabama at Birmingham	none
D2287	Tibia	قصبة الساق
D2288	Tofu	توفو
D2289	Bubbles (chimpanzee)	none
D2290	Muse (band)	ميوز
D2291	Bloemfontein	بلومفونتين
D2292	Classic car	سيارة قديمة
D2293	Meaning of life	معنى الحياة الفلسفي
D2294	Mao Zedong	ماو تسي تونغ
D2295	Prostate	بروستاتا
D2296	The Princess and the Pea	الأميرة وحبة البازلاء
D2297	German American	none
D2298	Merle Haggard	ميرل هاغارد
D2299	Laser	ليزر
D2300	Southwest airlines	none
D2301	Rolling Rock	none
D2302	Pope Benedict XVI	بندكت السادس عشر
D2303	Stereoscopy	تصوير ثلاثي الأبعاد
D2304	Jetboat	none
D2305	Uveitis	التهاب العنبية
D2306	Sermon on the Mount	العظة على الجبل
D2307	Eric Murphy	none
D2308	The Shining (film)	البريق (فيلم)
D2309	Patio (soda)	none
D2310	Windows Live Mail	بريد ويندوز لايف
D2311	Matt Freeman (Power of Five)	none
D2312	Article Five of the United States Constitution	none
D2313	Infrastructure	بنية تحتية
D2314	Human genetic variation	none
D2315	Tea Party movement	حركة الشاي
D2316	Currencies of Puerto Rico	none
D2317	Skiing	تزحلق على الثلج
D2318	Human serum albumin	ألبيومين المصل البشري
D2319	Pepsi	بيبسي
D2320	Book of Ezekiel	سفر حزقيال
D2321	National Birth Control League	none
D2322	Cancer	سرطان
D2323	4G	جيل رابع (اتصالات لاسلكية)
D2324	John Maynard Keynes	جون مينارد كينز
D2325	Ten Commandments	وصايا عشر
D2326	The Smiths discography	none
D2327	Gone with the Wind	none
D2328	Endodontics	طب لب الأسنان
D2329	Super Bowl	سوبر بول
D2330	Serial attached SCSI	none
D2331	Natural-born-citizen clause	none
D2332	Kurt Warner	none
D2333	Kay Hagan	none
D2334	Heisman Trophy	none
D2335	United Nations Command	none
D2336	Lincoln Heights (TV series)	none
D2337	Stan (song)	ستان (أغنية)
D2338	Christian denomination	طوائف مسيحية
D2339	Ecuador	الإكوادور
D2340	Sadomasochism	السادية والمازوخية
D2341	Appellate court	محكمة الاستئناف
D2342	Giant Panda	none
D2343	The Kite Runner (film)	عداء الطائرة الورقية (فيلم)
D2344	Loxahatchee, Florida	none
D2345	Canadian Citizenship Test	إمتحان المواطنية الكندي
D2346	Chow mein	شاو مين
D2347	Renaissance Cruises	none
D2348	Epithelium	نسيج طلائي
D2349	List of Tsubasa: Reservoir Chronicle episodes	none
D2350	Kent Hovind	none
D2351	Oath of Allegiance (United States)	none
D2352	Bindi (decoration)	بيندي (زينة)
D2353	New York gubernatorial election, 2010	none
D2354	Dominican Republic	جمهورية الدومينيكان
D2355	List of Dragon Ball characters	قائمة شخصيات دراغون بول
D2356	Comanche	كومانشي (قبيلة)
D2357	Ethan Frome	إيثان فروم (رواية)
D2358	Times Square Studios	none
D2359	Bar (music)	ميزان (موسيقى)
D2360	I²C	none
D2361	Primary care	none
D2362	Desmanthus illinoensis	none
D2363	Ocean Avenue (song)	none
D2364	Psychiatrist	طبيب نفسي
D2365	Reproductive health	صحة إنجابية
D2366	List of The Suite Life on Deck episodes	none
D2367	Intel Core 2	إنتل كور 2
D2368	Fiona	none
D2369	Languages of the United States	لغات الولايات المتحدة
D2370	Quarter panel	none
D2371	Shropshire	شروبشاير
D2372	Tour de France	طواف فرنسا
D2373	The A-Team	none
D2374	Social Norms Approach	none
D2375	Associate degree	none
D2376	Diana Prince	none
D2377	Religion in Thailand	الدين في تايلاند
D2378	Value added tax	none
D2379	High-Sticking	none
D2380	Memory card reader	none
D2381	Bullying	تنمر
D2382	Moby-Dick	موبي ديك
D2383	AMBER Alert	none
D2384	Packet switching	تبديل الرزم
D2385	Sara Shepard	سارة شيبارد
D2386	House of Night	none
D2387	Anarchist symbolism	رمزية لاسلطوية
D2388	Yamaha Motif	none
D2389	Greater palatine canal	none
D2390	Climate of Antarctica	مناخ القارة القطبية الجنوبية
D2391	List of Pittsburgh Steelers head coaches	none
D2392	Fraud	غش
D2393	Oregon Institute of Technology	none
D2394	Education in Peru	none
D2395	Passover	عيد الفصح اليهودي
D2396	Anti-communism	معاداة الشيوعية
D2397	Gil Heron	none
D2398	Soybean	فول الصويا
D2399	Texas Annexation	none
D2400	Harrison Ford	هاريسون فورد
D2401	LinkedIn	لينكد إن
D2402	ChapStick	none
D2403	Amygdala	لوزة دماغية
D2404	George Berkeley	جورج بيركلي
D2405	Qingdao	تشينغداو
D2406	Altair	النسر الطائر (نجم)
D2407	Anti-Federalism	none
D2408	Mimivirus	فيروس محاكي
D2409	Crohn's disease	داء كرون
D2410	List of tallest structures in the world by country	none
D2411	Rough and Ready, California	none
D2412	Minimum wage in the United States	none
D2413	Sister Act (musical)	none
D2414	Rashard Lewis	راشارد لويس
D2415	Grocery store	بقالة
D2416	DirectX	دايركت إكس
D2417	Quetzaltenango	none
D2418	First video game	none
D2419	Doxycycline	دوكسيسايكلين
D2420	List of best-selling video game franchises	قائمة أكثر سلاسل ألعاب الفيديو مبيعا
D2421	Sodium hypochlorite	هيبوكلوريت الصوديوم
D2422	Ann Richards	آن ريتشاردز
D2423	Data Execution Prevention	none
D2424	Futanari	فوتاناري
D2425	CAPTCHA	حروف تحقق
D2426	Jacques Cousteau	جاك إيف كوستو
D2427	KFC	دجاج كنتاكي
D2428	Cnidaria	لاسعات
D2429	Aztec	آزتك
D2430	Anderson Cooper	أندرسون كوبر
D2431	Red Bull	ريد بل
D2432	Ulluco	none
D2433	Tariffs in United States history	none
D2434	Frederick Douglass	فريدريك دوغلاس
D2435	Tommy Lasorda	none
D2436	Frank Pallone	none
D2437	Trin-i-tee 5:7	none
D2438	Earned Income Tax Credit	none
D2439	EtOH	none
D2440	Income in India	none
D2441	Lemony Snicket	none
D2442	List of Super Bowl halftime shows	none
D2443	Just a Dream (Carrie Underwood song)	none
D2444	International Men's Day	اليوم العالمي للرجل
D2445	Valley Village, Los Angeles	فالي فيليج (لوس أنجلوس)
D2446	Tuskegee syphilis experiment	تجربة توسكيجي للزهري
D2447	Wall stud	none
D2448	Going Under	none
D2449	Developmental psychology	علم النفس التنموي
D2450	Joey Stivic	none
D2451	2011 Rose Bowl	none
D2452	United States Declaration of Independence	إعلان الاستقلال الأمريكي
D2453	Chitty Chitty Bang Bang	none
D2454	Arid	قحولة
D2455	Cancer (astrology)	برج السرطان
D2456	Contemporary classical music	none
D2457	Sherwood, Oregon	شيروود (أوريغون)
D2458	Bane (comics)	بين (شخصية مصورة)
D2459	Patriot Act	قانون باتريوت آكت
D2460	Vanilla	فانيليا
D2461	Tacoma Narrows Bridge	جسر تكوما ناروس
D2462	Snohomish, Washington	سنوهوميش
D2463	Dave Matthews Band	none
D2464	Flax	كتان
D2465	Transcendental Wild Oats	none
D2466	Mount of the Holy Cross	none
D2467	GSM	النظام العالمي للإتصالات المتنقلة
D2468	Lend-Lease	قانون الإعارة والاستئجار
D2469	Jerusalem artichoke	دوار الشمس الدرني
D2470	Castillo San Felipe del Morro	none
D2471	Here Without You	none
D2472	Stonehenge	ستونهنج
D2473	NCAA Women's Division I Basketball Championship	none
D2474	Rosetta Stone	حجر رشيد
D2475	Poison dart frog	الضفدع السام
D2476	Cajeta	none
D2477	Prince William, Duke of Cambridge	ويليام دوق كامبريدج
D2478	Languages of Mali	none
D2479	Rogers Communications	none
D2480	Internet	إنترنت
D2481	Rim (wheel)	طوق
D2482	2006 Winter Olympics	الألعاب الأولمبية الشتوية 2006
D2483	Help! (song)	none
D2484	Siegfried Bing	صموئيل بينغ
D2485	Tears	دموع
D2486	Dimethyltryptamine	none
D2487	List of countries by life expectancy	قائمة الدول حسب متوسط العمر المتوقع
D2488	Kennewick, Washington	كينويك (واشنطن)
D2489	Prothrombin time	زمن البروثرومبين
D2490	I'm in the Mood for Love	none
D2491	Cross-cultural psychology	علم النفس عبر الثقافة
D2492	H.264/MPEG-4 AVC	أتش 264
D2493	Non-binding arbitration	none
D2494	Augustine Volcano	none
D2495	The Autocrat of the Breakfast-Table	none
D2496	List of islands of Belize	none
D2497	Mr. Big (Sex and the City)	none
D2498	Northern Canada	none
D2499	Drive Letter Access	none
D2500	Triple H	تربل إتش
D2501	Rex Humbard	none
D2502	Limitless	none
D2503	Walk the Line	السير على الخط (فيلم)
D2504	Maurice White	موريس وايت
D2505	Map	خريطة
D2506	Nelson Mandela Metropolitan University	none
D2507	Enema of the State	none
D2508	CoverGirl	none
D2509	On the Origin of Species	أصل الأنواع
D2510	Casey Stengel	none
D2511	June	يونيو
D2512	Constitution	دستور
D2513	Kentucky Wildcats men's basketball	none
D2514	Engineering management	none
D2515	Deductible	none
D2516	Invoice	فاتورة
D2517	Kimberly Hart	none
D2518	Right main bronchus	قصبة رئيسية يمنى
D2519	Squash (sport)	إسكواتش
D2520	Residual oil	none
D2521	Great Chicago Fire	حريق شيكاغو العظيم
D2522	Oprah Winfrey	أوبرا وينفري
D2523	La Reina del Sur (telenovela)	none
D2524	Madden NFL	مادن إن إف إل (سلسلة)
D2525	United States dollar	دولار أمريكي
D2526	Pepsi Max	none
D2527	Cindy Sheehan	سيندي شيهان
D2528	Wyclef Jean	وايكلف جين
D2529	Set-off (law)	none
D2530	La Niña	none
D2531	Jennifer Aniston	جينيفر أنيستون
D2532	White tiger	ببر أبيض
D2533	Jägerbomb	none
D2534	Caffeine	كافيين
D2535	Bellevue Baptist Church	none
D2536	Longboard (skateboard)	none
D2537	List of religious populations	قائمة التعداد الديني
D2538	List of 90210 characters	none
D2539	California Coast Ranges	none
D2540	Automobile	none
D2541	Culinary art	فن الطبخ
D2542	Fire alarm control panel	none
D2543	First music videos aired on MTV	none
D2544	Fred Meyer	none
D2545	Bandaranaike International Airport	none
D2546	Black Swan (film)	بلاك سوان
D2547	Al Jazeera	قناة الجزيرة
D2548	Calorimeter	مسعر
D2549	Apache Flex	أدوبي فليكس
D2550	Arthralgia	ألم مفصلي
D2551	Child support	none
D2552	Rwandan Defence Forces	none
D2553	Flip-flops	زنوبة
D2554	General average	عوار (قانون بحري)
D2555	Vaccination schedule	none
D2556	Frederick (given name)	none
D2557	Trinidad and Tobago Carnival	none
D2558	U.S. state	ولاية أمريكية
D2559	Chicago mayoral election, 2011	none
D2560	Pumped Up Kicks	none
D2561	State Fair of West Virginia	none
D2562	Vince Lombardi Trophy	none
D2563	Greenwich Village	none
D2564	The People's Court	none
D2565	Utah	يوتا
D2566	Coldwater, Mississippi	كولدووتر (مسيسيبي)
D2567	Hard palate	حنك صلب
D2568	Driving under the influence	القيادة تحت تأثير الكحول
D2569	Law enforcement in the United States	none
D2570	Chayanne	none
D2571	World War Hulk	none
D2572	John Wayne	جون وين
D2573	Galileo galilei	none
D2574	Lipoic acid	حمض الليبويك
D2575	OLED	صمام ثنائي عضوي باعث للضوء
D2576	Eggnog	none
D2577	David Gray (musician)	none
D2578	Library of Congress	مكتبة الكونغرس
D2579	Pasty	none
D2580	Sympathetic nervous system	جهاز عصبي ودي
D2581	Gravy	none
D2582	List of critics of the New Deal	none
D2583	Abstract (summary)	موجز (ملخص)
D2584	Larry the Cable Guy	none
D2585	Jennifer Love Hewitt	جينيفر لوف هيويت
D2586	Terah	تارح
D2587	Bourbon whiskey	none
D2588	Mona Lisa	موناليزا
D2589	Robert Palmer (singer)	none
D2590	Computed tomography angiography	تصوير الأوعية الطبقي المبرمج
D2591	Bastille Day	يوم الباستيل
D2592	Ford Model T	فورد موديل تي
D2593	NCAA Men's Division I Basketball Championship	none
D2594	Synthetic oil	none
D2595	Jackass (TV series)	none
D2596	Roseanne Barr	روزان بار
D2597	Baptism of Jesus	معمودية يسوع
D2598	Full Metal Jacket	فل ميتال جاكيت (فيلم)
D2599	TMZ (website)	none
D2600	Scream 3	صرخة 3
D2601	Impingement syndrome	متلازمة الانحشار
D2602	Celebration, Florida	none
D2603	La Palma	none
D2604	Spanish conquest of the Aztec Empire	الغزو الإسباني لإمبراطورية الآزتك
D2605	JLA (comic book)	none
D2606	Colonial history of the United States	none
D2607	Gloria Vanderbilt	جلوريا فاندربلت
D2608	Greece	اليونان
D2609	Prime Meridian	none
D2610	Hillary Rodham Clinton	none
D2611	Auburn Tigers football	none
D2612	Impact event	اصطدام (علم الفلك)
D2613	Minka Kelly	مينكا كيلي
D2614	R.O.B.	none
D2615	The Bells	none
D2616	Walking Liberty Half Dollar	none
D2617	Toyota 4Runner	تويوتا فور رنر
D2618	History of medicine	تاريخ الطب
D2619	Potassium	بوتاسيوم
D2620	Singapore dollar	دولار سنغافوري
D2621	Daniel Daly	none
D2622	Ted Williams (voice-over artist)	تيد ويليامز
D2623	James Samuel Coleman	none
D2624	Superhero	بطل خارق
D2625	List of One Life to Live characters	none
D2626	The School of Athens	مدرسة أثينا (لوحة)
D2627	Information technology management	إدارة نظم المعلومات
D2628	New Mexico State Penitentiary riot	none
D2629	Northern Cardinal	none
D2630	Topsoil	تربة سطحية
D2631	Kevin Bacon	كيفين بيكن
D2632	Floating point	العمليات الحسابية على أعداد الفاصلة العائمة
D2633	Agatha Christie	أجاثا كريستي
D2634	Sechs kleine Klavierstücke	none
D2635	Kenworth	كينوورث
D2636	List of Stanley Cup champions	none
D2637	McAfee	إنتل سكيوريتي
D2638	Democracy	ديمقراطية
D2639	Nobel Prize	جائزة نوبل
D2640	Transformers: Dark of the Moon	المتحولون: الجانب المظلم للقمر
D2641	Rita of Cascia	القديسة ريتا
D2642	North america	none
D2643	J. Cole	none
D2644	Ratchet & Clank	راتشت أند كلانك (سلسلة)
D2645	roller coaster	none
D2646	Will and testament	وصية
D2647	Thomas More	توماس مور
D2648	Captain Nemo	قبطان نيمو
D2649	List of best Major League Baseball season won-loss records	none
D2650	Modem	مودم
D2651	Economy of Greenland	اقتصاد جرينلاند
D2652	Hydrogen	هيدروجين
D2653	University of Western Australia	جامعة ويسترن أستراليا
D2654	Bowers v. Hardwick	none
D2655	Unstoppable (2010 film)	غير قابل للإيقاف (فيلم 2010)
D2656	Bracketing	none
D2657	Insulated glazing	تزجيج عازل
D2658	Selenium	سيلينيوم
D2659	Prince of Monaco	none
D2660	Colon (anatomy)	قولون
D2661	Defragmentation	none
D2662	Service-level agreement	اتفاق مستوى الخدمة
D2663	Union Station (Shannon Mall)	none
D2664	Contiguous United States	الولايات الأمريكية المتجاورة
D2665	Why (Rascal Flatts song)	none
D2666	Utilization management	none
D2667	The Outsiders (novel)	none
D2668	Supply chain	سلسلة توريد
D2669	Purple haze	none
D2670	Skin	جلد
D2671	Martin Luther	مارتن لوثر
D2672	Thomas Scott (commentator)	توماس سكوت
D2673	Jonas Brothers	جوناس برذرز
D2674	List of Harry Potter cast members	قائمة ممثلين هاري بوتر
D2675	Wellness (alternative medicine)	none
D2676	Twelve-step program	none
D2677	Witness impeachment	none
D2678	Party leaders of the United States House of Representatives	none
D2679	Western Front (World War I)	الجبهة الغربية (الحرب العالمية الأولى)
D2680	List of recurring characters in The Suite Life of Zack & Cody	none
D2681	First Lady of the United States	السيدة الأولى للولايات المتحدة
D2682	Septic shock	صدمة إنتانية
D2683	K-os	none
D2684	Uniform Commercial Code	none
D2685	Doctor of the Church	ملفان
D2686	Chemical reaction	تفاعل كيميائي
D2687	Multi-pitch climbing	none
D2688	Wayne Route 23 Transit Center	none
D2689	Mammoth Cave National Park	كهف الماموث
D2690	Moons of Saturn	أقمار زحل
D2691	At sign	@
D2692	Bad Girls Club	none
D2693	Iowa Senate	none
D2694	maintenance, repair, and operations	none
D2695	Soulja Boy	سولجا بوي تل إم
D2696	Electron transport chain	سلسلة نقل الإلكترون
D2697	Tramadol	ترامادول
D2698	IBRIX Fusion	none
D2699	Bilirubin	بيليروبين
D2700	Bernard Madoff	برنارد مادوف
D2701	Quasi-judicial body	none
D2702	Guro District, Seoul	none
D2703	Cannon	مدفع
D2704	Wonton	وونتون
D2705	Invention of radio	اختراع المذياع
D2706	Scurvy	عوز فيتامين سي
D2707	Iron	حديد
D2708	Blue Cross Blue Shield Association	none
D2709	Potato chip	رقائق مقلية
D2710	Creedence Clearwater Revival	كريدينس كليرووتر رفايفل
D2711	Henry Clay	هنري كلاي
D2712	OpenID	الهوية المفتوحة
D2713	BJ's Wholesale Club	none
D2714	Atherosclerosis	تصلب عصيدي
D2715	Triangular Trade	none
D2716	USS John F. Kennedy (CV-67)	يو إس إس جون كينيدي (CV-67)
D2717	Wizard of Oz (character)	none
D2718	Kristinia Debarge	none
D2719	Hawaii Warriors football	none
D2720	Mister Rogers' Neighborhood	حي السيد روجرز
D2721	Dental braces	مشبك أسنان
D2722	Snakehead (fish)	شنات
D2723	Mrs. Claus	السيدة كلوز
D2724	Jamie Lee Curtis	جيمي لي كرتيس
D2725	Hijackthis	none
D2726	Saddle Creek Records	none
D2727	List of Full House episodes	none
D2728	Stamp Act 1765	قانون الطابع
D2729	South Korean won	وون كوري جنوبي
D2730	United States customary units	وحدات قياس عرفية أمريكية
D2731	Emilio Estevez	إميليو إستيفيز
D2732	Three-phase electric power	تيار ثلاثي الأطوار
D2733	PT boat	none
D2734	Good Friday	جمعة الآلام
D2735	List of National Basketball Association season scoring leaders	none
D2736	Rebecca (novel)	ريبيكا (رواية)
D2737	Direct Marketing	none
D2738	Raster	none
D2739	Beowulf (hero)	none
D2740	Milton-Freewater, Oregon	ميلتون فريوتر
D2741	Baculum	عظمة القضيب
D2742	U.S. Route 85	none
D2743	Magic Kingdom	مملكة السحر
D2744	Confederate States of America	الولايات الكونفدرالية الأمريكية
D2745	Kanji	كانجي
D2746	Fruit cake	none
D2747	Biltmore Estate	none
D2748	John R. Williams	none
D2749	Compass	بوصلة
D2750	Inca Empire	إنكا
D2751	Eliot Spitzer prostitution scandal	none
D2752	Kidney	كلية
D2753	Camp Edwards	none
D2754	Feb-09	9 فبراير
D2755	Lockton Companies	none
D2756	White chocolate	شوكولاتة بيضاء
D2757	Don Blankenship	none
D2758	Bow Wow	none
D2759	Psych	سايك (مسلسل)
D2760	Negligence	إهمال
D2761	Melanocytic nevus	شامة
D2762	vaccine	none
D2763	Chris Cornell	كريس كورنيل
D2764	Comprehensive metabolic panel	none
D2765	Natural gas	غاز طبيعي
D2766	Preciosa (corporation)	none
D2767	Imagination Movers	none
D2768	Global Warming	none
D2769	Chupacabra	تشوباكابرا
D2770	Thermal comfort	ارتياح حراري
D2771	Dante Alighieri	دانتي أليغييري
D2772	Sumitomo Rubber Industries	none
D2773	Microsoft Visual Studio Express	فيجوال ستوديو اكسبريس
D2774	Alps	الألب
D2775	Animal trapping	none
D2776	Mary Matalin	none
D2777	Lois Griffin	none
D2778	Basque language	لغة بشكنشية
D2779	First Bank of the United States	none
D2780	Brisket	none
D2781	ARM architecture	إيه.آر.إم (معالج)
D2782	James Marsters	جيمس مارسترز
D2783	June bug	none
D2784	Beyoncé Knowles	none
D2785	Saint Lucia	سانت لوسيا
D2786	Angry All the Time	none
D2787	Dear John (2010 film)	عزيزي جون (فيلم)
D2788	List of the busiest airports in the United States	none
D2789	Dora the Explorer	مغامرات دورا
D2790	Santa Fe, New Mexico	سانتا فيه (نيومكسيكو)
D2791	Sons of Liberty	أبناء الحرية
D2792	Osaka	أوساكا
D2793	The Little Mermaid (1989 film)	حورية البحر (فيلم 1989)
D2794	Purple drank	none
D2795	Given name	اسم شخصي (صفة)
D2796	Hydrochloric acid	حمض الهيدروكلوريك
D2797	Wheat	قمح
D2798	Publication	none
D2799	Melissa & Joey	none
D2800	Noble Eightfold Path	الطريق النبيل الثماني
D2801	Grammy Award for Song of the Year	none
D2802	Economics	اقتصاد (علم)
D2803	List of Schedule IV drugs (US)	none
D2804	Lapse rate	معدل السقوط
D2805	Blue Mountain State	none
D2806	Apple Inc.	أبل
D2807	Section 8 (housing)	none
D2808	Category:Types of restaurants	تصنيف:أنواع من المطاعم
D2809	Mare	none
D2810	History of the United States dollar	none
